ribs_su_clay,ribs_su_LC,ribs_E_clay,ribs_E_LC,ribs_L_col,ribs_L_rib,ribs_c_rib,ribs_d_rib,Leire1_GURsUARatio,Leire1_gammaFC,Leire2_GURsUARatio,Leire2_gammaFC,Leire1_sUARef,Leire2_sUARef,FoS interim,FoS end
33.8,231.18,6300,75000,16.17,24.64,1.3,0.6,700,0.9,700,1.0,33.8,33.8,1.35418021013341,2.10722515251722
57.71,258.47,6300,75000,24.24,15.7,2.77,0.6,700,0.9,700,1.0,57.71,57.71,2.04482812663674,2.83659427492415
26.62,259.01,6300,75000,20.82,24.69,2.86,0.6,700,0.9,700,1.0,26.62,26.62,1.306,1.953
40.48,285.37,6300,75000,18.63,23.31,2.83,0.6,700,0.9,700,1.0,40.48,40.48,1.644,2.34
64.58,228.68,6300,75000,21.01,15.39,2.43,0.6,700,0.9,700,1.0,64.58,64.58,2.201,3.0
34.07,227.29,6300,75000,23.72,20.59,2.45,0.6,700,0.9,700,1.0,34.07,34.07,1.541,2.191
42.39,220.35,6300,75000,22.61,23.52,1.91,0.6,700,0.9,700,1.0,42.39,42.39,1.78,2.486
35.74,252.89,6300,75000,17.21,21.31,2.41,0.6,700,0.9,700,1.0,35.74,35.74,1.459,2.137
39.24,299.81,6300,75000,24.21,18.67,1.03,0.6,700,0.9,700,1.0,39.24,39.24,1.673,2.341
40.32,179.12,6300,75000,23.38,21.02,1.16,0.6,700,0.9,700,1.0,40.32,40.32,1.713,2.394
55.1,222.53,6300,75000,21.16,17.53,2.63,0.6,700,0.9,700,1.0,55.1,55.1,1.976,2.733
45.12,205.0,6300,75000,22.42,25.71,1.0,0.6,700,0.9,700,1.0,45.12,45.12,1.898,2.603
32.32,207.18,6300,75000,18.11,26.91,2.69,0.6,700,0.9,700,1.0,32.32,32.32,1.466,2.134
17.49,200.91,6300,75000,20.11,23.75,1.13,0.6,700,0.9,700,1.0,17.49,17.49,1.007,1.636
16.33,340.27,6300,75000,19.19,24.04,2.33,0.6,700,0.9,700,1.0,16.33,16.33,0.9306,
31.71,265.65,6300,75000,18.18,22.71,1.31,0.6,700,0.9,700,1.0,31.71,31.71,1.389,2.033
60.85,186.43,6300,75000,18.73,15.99,2.01,0.6,700,0.9,700,1.0,60.85,60.85,2.014,2.855
49.4,270.86,6300,75000,15.71,24.21,1.76,0.6,700,0.9,700,1.0,49.4,49.4,1.761,2.592
74.47,265.39,6300,75000,19.61,16.59,2.69,0.6,700,0.9,700,1.0,74.47,74.47,2.444,3.242
41.35,342.27,6300,75000,16.27,19.64,1.38,0.6,700,0.9,700,1.0,41.35,41.35,1.571,2.251
53.48,259.37,6300,75000,17.22,28.0,2.37,0.6,700,0.9,700,1.0,53.48,53.48,1.956,2.774
38.35,295.38,6300,75000,21.89,17.59,2.61,0.6,700,0.9,700,1.0,38.35,38.35,1.566,2.23
47.9,307.07,6300,75000,23.35,28.59,2.07,0.6,700,0.9,700,1.0,47.9,47.9,2.04,2.736
46.38,346.89,6300,75000,20.6,15.77,1.48,0.6,700,0.9,700,1.0,46.38,46.38,1.713,2.433
38.28,242.72,6300,75000,16.65,18.03,1.98,0.6,700,0.9,700,1.0,38.28,38.28,1.463,2.112
37.99,205.54,6300,75000,21.8,20.17,2.81,0.6,700,0.9,700,1.0,37.99,37.99,1.581,2.262
36.37,257.35,6300,75000,21.1,15.24,1.95,0.6,700,0.9,700,1.0,36.37,36.37,1.462,2.122
47.82,204.51,6300,75000,22.83,26.02,2.04,0.6,700,0.9,700,1.0,47.82,47.82,1.987,2.652
37.3,232.68,6300,75000,14.91,18.62,2.9,0.6,700,0.9,700,1.0,37.3,37.3,1.418,2.101
19.0,290.34,6300,75000,16.39,18.73,1.1,0.6,700,0.9,700,1.0,19.0,19.0,0.859,
35.6,248.96,6300,75000,16.32,22.15,2.46,0.6,700,0.9,700,1.0,35.6,35.6,1.456,2.129
67.06,178.01,6300,75000,21.77,27.49,1.85,0.6,700,0.9,700,1.0,67.06,67.06,2.523,3.209
48.9,311.05,6300,75000,22.9,26.53,2.92,0.6,700,0.9,700,1.0,48.9,48.9,1.99,2.725
46.07,198.9,6300,75000,17.65,21.33,2.21,0.6,700,0.9,700,1.0,46.07,46.07,1.754,2.481
22.87,314.09,6300,75000,22.31,19.1,1.89,0.6,700,0.9,700,1.0,22.87,22.87,1.157,1.759
25.77,244.34,6300,75000,25.0,21.4,2.79,0.6,700,0.9,700,1.0,25.77,25.77,1.339,1.95
30.12,189.06,6300,75000,16.02,21.08,1.52,0.6,700,0.9,700,1.0,30.12,30.12,1.271,1.917
33.61,276.04,6300,75000,23.11,24.16,1.27,0.6,700,0.9,700,1.0,33.61,33.61,1.569,2.222
40.6,273.41,6300,75000,18.59,24.03,1.9,0.6,700,0.9,700,1.0,40.6,40.6,1.655,2.362
57.89,332.33,6300,75000,22.11,15.14,2.59,0.6,700,0.9,700,1.0,57.89,57.89,2.032,2.802
40.88,233.7,6300,75000,24.5,26.88,1.71,0.6,700,0.9,700,1.0,40.88,40.88,1.833,2.484
41.04,320.99,6300,75000,15.98,25.42,1.6,0.6,700,0.9,700,1.0,41.04,41.04,1.667,2.361
39.61,301.2,6300,75000,16.79,20.36,1.79,0.6,700,0.9,700,1.0,39.61,39.61,1.547,2.243
41.44,182.79,6300,75000,19.18,19.16,1.15,0.6,700,0.9,700,1.0,41.44,41.44,1.628,2.3
39.17,200.89,6300,75000,20.99,17.1,2.56,0.6,700,0.9,700,1.0,39.17,39.17,1.554,2.234
52.14,307.47,6300,75000,15.75,25.59,1.42,0.6,700,0.9,700,1.0,52.14,52.14,1.997,2.697
32.58,186.83,6300,75000,19.11,21.17,1.58,0.6,700,0.9,700,1.0,32.58,32.58,1.406,2.034
38.87,221.74,6300,75000,21.73,17.83,2.64,0.6,700,0.9,700,1.0,38.87,38.87,1.579,2.254
27.48,184.82,6300,75000,18.84,24.81,1.4,0.6,700,0.9,700,1.0,27.48,27.48,1.296,1.935
35.42,219.67,6300,75000,23.45,18.44,2.74,0.6,700,0.9,700,1.0,35.42,35.42,1.538,2.188
50.31,318.83,6300,75000,20.09,19.47,2.28,0.6,700,0.9,700,1.0,50.31,50.31,1.81572167632124,2.60871718688288
42.59,327.11,6300,75000,15.34,23.17,1.09,0.6,700,0.9,700,1.0,42.59,42.59,1.54768814566159,2.32732800840914
63.87,253.69,6300,75000,21.76,17.42,2.57,0.6,700,0.9,700,1.0,63.87,63.87,2.18143865413011,2.9894890605033
43.27,266.31,6300,75000,23.97,24.23,1.85,0.6,700,0.9,700,1.0,43.27,43.27,1.798,2.54
34.94,260.48,6300,75000,17.12,22.79,2.41,0.6,700,0.9,700,1.0,34.94,34.94,1.383,2.133
32.68,279.72,6300,75000,21.13,28.37,2.87,0.6,700,0.9,700,1.0,32.68,32.68,1.499,2.226
37.88,334.81,6300,75000,15.36,28.92,1.84,0.6,700,0.9,700,1.0,37.88,37.88,1.495,2.31
50.91,194.74,6300,75000,16.9,24.88,2.76,0.6,700,0.9,700,1.0,50.91,50.91,1.824,2.643
28.63,286.94,6300,75000,16.52,22.64,1.75,0.6,700,0.9,700,1.0,28.63,28.63,1.195,1.914
36.13,330.02,6300,75000,24.59,22.03,1.27,0.6,700,0.9,700,1.0,36.13,36.13,1.611,2.302
26.2,257.02,6300,75000,15.24,17.94,2.72,0.6,700,0.9,700,1.0,26.2,26.2,1.046,1.704
76.08,291.63,6300,75000,24.9,15.09,1.06,0.6,700,0.9,700,1.0,76.08,76.08,2.553,3.364
63.13,256.82,6300,75000,23.59,16.33,1.21,0.6,700,0.9,700,1.0,63.13,63.13,2.212,3.012
38.05,247.9,6300,75000,14.68,20.53,1.62,0.6,700,0.9,700,1.0,38.05,38.05,1.378,2.159
28.99,233.04,6300,75000,22.21,28.23,1.04,0.6,700,0.9,700,1.0,28.99,28.99,1.432,2.112
55.81,336.5,6300,75000,20.45,27.07,2.04,0.6,700,0.9,700,1.0,55.81,55.81,2.073,2.9
30.9,308.23,6300,75000,15.3,23.99,1.39,0.6,700,0.9,700,1.0,30.9,30.9,1.241,2.0
61.84,189.73,6300,75000,21.19,16.08,1.13,0.6,700,0.9,700,1.0,61.84,61.84,2.102,2.922
45.2,245.92,6300,75000,22.31,24.53,1.23,0.6,700,0.9,700,1.0,45.2,45.2,1.813,2.573
36.85,279.46,6300,75000,23.11,20.92,2.24,0.6,700,0.9,700,1.0,36.85,36.85,1.574,2.276
59.8,343.56,6300,75000,23.82,23.19,2.88,0.6,700,0.9,700,1.0,59.8,59.8,2.216,2.993
20.93,175.76,6300,75000,24.06,17.02,2.83,0.6,700,0.9,700,1.0,20.93,20.93,1.117,1.695
44.08,262.76,6300,75000,15.19,19.41,2.21,0.6,700,0.9,700,1.0,44.08,44.08,1.539,2.332
39.0,255.45,6300,75000,23.06,27.25,1.16,0.6,700,0.9,700,1.0,39.0,39.0,1.707,2.457
28.4,336.08,6300,75000,18.53,21.98,1.57,0.6,700,0.9,700,1.0,28.4,28.4,1.243,1.931
43.99,332.53,6300,75000,17.75,16.99,2.62,0.6,700,0.9,700,1.0,43.99,43.99,1.569,2.335
28.84,277.21,6300,75000,16.36,14.79,2.38,0.6,700,0.9,700,1.0,28.84,28.84,1.119,1.751
34.69,196.57,6300,75000,22.42,27.92,1.59,0.6,700,0.9,700,1.0,34.69,34.69,1.579,2.314
71.87,180.46,6300,75000,18.01,25.91,2.22,0.6,700,0.9,700,1.0,71.87,71.87,2.411,3.276
20.65,202.84,6300,75000,16.75,15.0,1.44,0.6,700,0.9,700,1.0,20.65,20.65,0.8558,
49.22,233.88,6300,75000,23.53,19.88,2.01,0.6,700,0.9,700,1.0,49.22,49.22,1.897,2.628
46.15,229.74,6300,75000,18.38,17.98,2.84,0.6,700,0.9,700,1.0,46.15,46.15,1.649,2.425
56.71,276.71,6300,75000,18.54,18.98,2.49,0.6,700,0.9,700,1.0,56.71,56.71,1.938,2.78
41.8,264.77,6300,75000,23.89,18.25,1.42,0.6,700,0.9,700,1.0,41.8,41.8,1.688,2.4
34.87,340.9,6300,75000,14.86,28.53,2.37,0.6,700,0.9,700,1.0,34.87,34.87,1.401,2.206
61.38,215.65,6300,75000,16.56,18.1,1.61,0.6,700,0.9,700,1.0,61.38,61.38,2.008,2.878
54.55,268.34,6300,75000,16.09,19.26,1.85,0.6,700,0.9,700,1.0,54.55,54.55,1.831,2.672
36.02,218.19,6300,75000,19.74,26.54,1.8,0.6,700,0.9,700,1.0,36.02,36.02,1.525,2.268
60.03,280.85,6300,75000,21.45,18.88,2.56,0.6,700,0.9,700,1.0,60.03,60.03,2.095,2.905
39.31,187.5,6300,75000,15.83,23.64,1.35,0.6,700,0.9,700,1.0,39.31,39.31,1.479,2.275
28.05,293.54,6300,75000,18.66,16.1,2.51,0.6,700,0.9,700,1.0,28.05,28.05,1.174,1.803
50.87,228.55,6300,75000,24.85,17.88,1.21,0.6,700,0.9,700,1.0,50.87,50.87,1.947,2.679
53.01,192.19,6300,75000,22.73,28.48,2.31,0.6,700,0.9,700,1.0,53.01,53.01,2.078,2.805
27.66,199.54,6300,75000,20.54,15.55,1.69,0.6,700,0.9,700,1.0,27.66,27.66,1.19317096483059,1.8214464967073
43.03,266.95,6300,75000,23.84,25.02,1.97,0.6,700,0.9,700,1.0,43.03,43.03,1.8,2.55
47.23,304.0,6300,75000,15.96,19.53,1.54,0.6,700,0.9,700,1.0,47.23,47.23,1.637,2.454
28.12,183.15,6300,75000,20.1,16.23,2.4,0.6,700,0.9,700,1.0,28.12,28.12,1.207,1.826
33.52,309.78,6300,75000,21.29,25.21,1.32,0.6,700,0.9,700,1.0,33.52,33.52,1.484,2.203
56.12,337.43,6300,75000,21.62,21.2,2.91,0.6,700,0.9,700,1.0,56.12,56.12,2.027,2.806
25.15,320.21,6300,75000,15.53,19.58,2.1,0.6,700,0.9,700,1.0,25.15,25.15,1.04,1.71
61.75,338.17,6300,75000,16.1,27.55,1.99,0.6,700,0.9,700,1.0,61.75,61.75,2.12777212557187,3.00418598833128
35.5,209.76,6300,75000,18.76,26.31,2.17,0.6,700,0.9,700,1.0,35.5,35.5,1.47880569570023,2.2466981075459
24.4,218.83,6300,75000,19.84,24.77,1.68,0.6,700,0.9,700,1.0,24.4,24.4,1.19225059498566,1.87573331112552
24.92,288.87,6300,75000,23.33,14.71,1.34,0.6,700,0.9,700,1.0,24.92,24.92,1.17986106496284,1.77259364181215
51.48,307.67,6300,75000,19.66,17.11,2.59,0.6,700,0.9,700,1.0,51.48,51.48,1.80826245408979,2.60549899942908
46.33,250.43,6300,75000,20.87,24.95,2.49,0.6,700,0.9,700,1.0,46.33,46.33,1.804,2.594
37.96,186.92,6300,75000,16.44,24.92,2.08,0.6,700,0.9,700,1.0,37.96,37.96,1.469,2.256
56.62,235.48,6300,75000,24.45,22.05,1.86,0.6,700,0.9,700,1.0,56.62,56.62,2.131,2.888
36.51,306.33,6300,75000,22.09,24.14,1.72,0.6,700,0.9,700,1.0,36.51,36.51,1.572,2.297
32.82,280.54,6300,75000,19.98,23.63,1.96,0.6,700,0.9,700,1.0,32.82,32.82,1.408,2.127
32.46,181.61,6300,75000,20.55,16.71,1.52,0.6,700,0.9,700,1.0,32.46,32.46,1.343,1.995
33.38,271.83,6300,75000,17.82,18.41,2.03,0.6,700,0.9,700,1.0,33.38,33.38,1.31,2.019
27.81,329.19,6300,75000,21.47,28.18,2.19,0.6,700,0.9,700,1.0,27.81,27.81,1.372,2.069
36.94,177.21,6300,75000,24.09,15.52,1.79,0.6,700,0.9,700,1.0,36.94,36.94,1.543,2.201
27.77,222.02,6300,75000,19.6,22.44,2.93,0.6,700,0.9,700,1.0,27.77,27.77,1.255,1.931
30.83,288.28,6300,75000,16.14,28.21,2.79,0.6,700,0.9,700,1.0,30.83,30.83,1.318,2.082
30.43,282.1,6300,75000,16.22,22.27,2.92,0.6,700,0.9,700,1.0,30.43,30.43,1.229,1.958
40.21,225.98,6300,75000,20.78,26.75,1.1,0.6,700,0.9,700,1.0,40.21,40.21,1.667,2.453
40.71,176.25,6300,75000,16.3,22.12,2.17,0.6,700,0.9,700,1.0,40.71,40.71,1.508,2.293
57.64,244.21,6300,75000,15.79,17.22,1.14,0.6,700,0.9,700,1.0,57.64,57.64,1.888,2.756
22.7,312.01,6300,75000,15.29,21.55,1.76,0.6,700,0.9,700,1.0,22.7,22.7,0.974,
35.84,197.07,6300,75000,14.62,27.53,1.41,0.6,700,0.9,700,1.0,35.84,35.84,1.407,2.219
47.98,237.5,6300,75000,15.93,16.66,2.67,0.6,700,0.9,700,1.0,47.98,47.98,1.625,2.437
30.78,320.59,6300,75000,19.56,22.49,1.15,0.6,700,0.9,700,1.0,30.78,30.78,1.344,2.012
31.55,326.61,6300,75000,23.39,21.74,1.26,0.6,700,0.9,700,1.0,31.55,31.55,1.459,2.123
42.92,181.89,6300,75000,20.83,28.95,1.94,0.6,700,0.9,700,1.0,42.92,42.92,1.766,2.561
51.04,225.47,6300,75000,22.96,28.87,2.42,0.6,700,0.9,700,1.0,51.04,51.04,2.035,2.836
32.33,272.84,6300,75000,17.88,22.47,2.15,0.6,700,0.9,700,1.0,32.33,32.33,1.328,2.059
43.79,296.13,6300,75000,14.79,16.24,1.36,0.6,700,0.9,700,1.0,43.79,43.79,1.485,2.279
43.1,302.91,6300,75000,19.72,27.38,1.69,0.6,700,0.9,700,1.0,43.1,43.1,1.725,2.507
73.66,192.06,6300,75000,16.69,23.05,2.53,0.6,700,0.9,700,1.0,73.66,73.66,2.396,3.256
43.34,274.17,6300,75000,20.47,18.61,2.78,0.6,700,0.9,700,1.0,43.34,43.34,1.635,2.384
42.98,225.28,6300,75000,20.32,26.78,2.05,0.6,700,0.9,700,1.0,42.98,42.98,1.728,2.51
33.34,195.93,6300,75000,14.59,17.68,2.08,0.6,700,0.9,700,1.0,33.34,33.34,1.217,1.953
32.18,301.67,6300,75000,24.39,26.25,2.1,0.6,700,0.9,700,1.0,32.18,32.18,1.556,2.228
51.6,316.13,6300,75000,17.66,25.1,1.47,0.6,700,0.9,700,1.0,51.6,51.6,1.862,2.712
51.62,193.69,6300,75000,19.63,19.82,2.97,0.6,700,0.9,700,1.0,51.62,51.62,1.842,2.647
39.04,338.5,6300,75000,18.48,19.5,2.95,0.6,700,0.9,700,1.0,39.04,39.04,1.483,2.229
53.13,179.9,6300,75000,19.82,20.86,2.15,0.6,700,0.9,700,1.0,53.13,53.13,1.902,2.699
37.73,325.82,6300,75000,21.98,28.66,1.01,0.6,700,0.9,700,1.0,37.73,37.73,1.661,2.423
59.59,279.14,6300,75000,19.77,17.98,2.23,0.6,700,0.9,700,1.0,59.59,59.59,2.035,2.858
32.1,202.24,6300,75000,22.53,26.28,2.2,0.6,700,0.9,700,1.0,32.1,32.1,1.495,2.173
58.35,203.18,6300,75000,16.48,21.81,1.26,0.6,700,0.9,700,1.0,58.35,58.35,1.967,2.841
38.39,224.22,6300,75000,15.91,17.15,1.73,0.6,700,0.9,700,1.0,38.39,38.39,1.38,2.121
53.29,234.18,6300,75000,20.15,19.2,1.35,0.6,700,0.9,700,1.0,53.29,53.29,1.892,2.678
24.03,278.86,6300,75000,23.68,19.72,2.04,0.6,700,0.9,700,1.0,24.03,24.03,1.226,1.849
49.92,180.64,6300,75000,20.98,17.19,2.19,0.6,700,0.9,700,1.0,49.92,49.92,1.804,2.577
44.16,177.74,6300,75000,24.65,28.15,1.65,0.6,700,0.9,700,1.0,44.16,44.16,1.896,2.575
38.46,319.82,6300,75000,24.46,14.93,1.08,0.6,700,0.9,700,1.0,38.46,38.46,1.597,2.262
43.92,348.85,6300,75000,23.66,27.19,1.92,0.6,700,0.9,700,1.0,43.92,43.92,1.848,2.606
54.04,202.31,6300,75000,15.04,18.16,1.99,0.6,700,0.9,700,1.0,54.04,54.04,1.78738605906033,2.62083787166624
46.09,243.71,6300,75000,16.71,26.49,1.22,0.6,700,0.9,700,1.0,46.09,46.09,1.71,2.553
59.36,197.49,6300,75000,17.99,26.73,2.38,0.6,700,0.9,700,1.0,59.36,59.36,2.1,2.933
36.09,230.43,6300,75000,20.96,25.28,1.67,0.6,700,0.9,700,1.0,36.09,36.09,1.542,2.264
43.81,305.58,6300,75000,19.25,23.01,1.13,0.6,700,0.9,700,1.0,43.81,43.81,1.684,2.461
53.51,210.33,6300,75000,24.33,21.03,1.06,0.6,700,0.9,700,1.0,53.51,53.51,2.031,2.762
41.26,242.39,6300,75000,23.08,18.68,2.18,0.6,700,0.9,700,1.0,41.26,41.26,1.657,2.366
68.93,182.46,6300,75000,22.05,24.37,1.83,0.6,700,0.9,700,1.0,68.93,68.93,2.415,3.249
47.52,287.84,6300,75000,17.49,23.83,2.34,0.6,700,0.9,700,1.0,47.52,47.52,1.735,2.503
43.65,235.01,6300,75000,18.27,19.13,1.2,0.6,700,0.9,700,1.0,43.65,43.65,1.597,2.375
34.64,327.81,6300,75000,24.82,17.56,1.05,0.6,700,0.9,700,1.0,34.64,34.64,1.531,2.175
46.97,193.03,6300,75000,20.9,27.72,2.05,0.6,700,0.9,700,1.0,46.97,46.97,1.859,2.654
40.01,185.82,6300,75000,17.29,20.29,1.2,0.6,700,0.9,700,1.0,40.01,40.01,1.492,2.258
33.48,277.02,6300,75000,20.73,26.6,1.53,0.6,700,0.9,700,1.0,33.48,33.48,1.483,2.221
26.02,285.95,6300,75000,20.17,18.21,2.16,0.6,700,0.9,700,1.0,26.02,26.02,1.172,1.806
47.73,298.85,6300,75000,18.7,26.13,2.05,0.6,700,0.9,700,1.0,47.73,47.73,1.8,2.634
36.76,305.27,6300,75000,24.27,27.33,1.97,0.6,700,0.9,700,1.0,36.76,36.76,1.679,2.402
39.36,218.73,6300,75000,14.57,18.45,2.5,0.6,700,0.9,700,1.0,39.36,39.36,1.388,2.131
70.94,217.74,6300,75000,17.08,24.08,1.78,0.6,700,0.9,700,1.0,70.94,70.94,2.343,3.233
52.2,206.44,6300,75000,21.48,23.06,2.99,0.6,700,0.9,700,1.0,52.2,52.2,1.951,2.745
60.23,345.58,6300,75000,18.95,28.77,2.27,0.6,700,0.9,700,1.0,60.23,60.23,2.168,3.01
25.5,274.71,6300,75000,16.54,15.8,2.21,0.6,700,0.9,700,1.0,25.5,25.5,1.041,1.664
31.17,346.45,6300,75000,18.14,22.83,1.61,0.6,700,0.9,700,1.0,31.17,31.17,1.314,1.999
52.38,178.78,6300,75000,22.34,15.3,2.47,0.6,700,0.9,700,1.0,52.38,52.38,1.896,2.625
53.64,185.43,6300,75000,24.4,25.94,2.5,0.6,700,0.9,700,1.0,53.64,53.64,2.102,2.875
37.56,192.61,6300,75000,17.25,21.17,2.06,0.6,700,0.9,700,1.0,37.56,37.56,1.436,2.294
72.1,282.83,6300,75000,21.72,21.23,2.62,0.6,700,0.9,700,1.0,72.1,72.1,2.44,3.249
65.07,303.24,6300,75000,22.97,27.5,2.77,0.6,700,0.9,700,1.0,65.07,65.07,2.385,3.207
46.9,195.36,6300,75000,14.67,21.0,2.82,0.6,700,0.9,700,1.0,46.9,46.9,1.616,2.451
51.89,266.59,6300,75000,21.54,28.1,2.64,0.6,700,0.9,700,1.0,51.89,51.89,2.013,2.824
37.59,207.32,6300,75000,21.92,25.54,2.12,0.6,700,0.9,700,1.0,37.59,37.59,1.612,2.355
46.24,283.84,6300,75000,15.55,24.54,1.27,0.6,700,0.9,700,1.0,46.24,46.24,1.666,2.482
31.23,284.07,6300,75000,19.29,22.91,2.57,0.6,700,0.9,700,1.0,31.23,31.23,1.347,2.039
54.72,187.89,6300,75000,18.61,20.44,1.33,0.6,700,0.9,700,1.0,54.72,54.72,1.911,2.699
57.25,297.55,6300,75000,16.94,26.97,2.13,0.6,700,0.9,700,1.0,57.25,57.25,2.019,2.874
35.58,261.75,6300,75000,15.4,22.2,1.91,0.6,700,0.9,700,1.0,35.58,35.58,1.349,2.113
34.19,334.22,6300,75000,24.01,20.49,2.94,0.6,700,0.9,700,1.0,34.19,34.19,1.517,2.179
27.02,265.12,6300,75000,24.68,20.31,2.36,0.6,700,0.9,700,1.0,27.02,27.02,1.343,1.964
52.49,196.21,6300,75000,24.17,20.96,1.39,0.6,700,0.9,700,1.0,52.49,52.49,2.005,2.756
25.69,284.82,6300,75000,20.36,28.89,1.74,0.6,700,0.9,700,1.0,25.69,25.69,1.291,1.997
27.16,255.56,6300,75000,14.63,23.91,1.73,0.6,700,0.9,700,1.0,27.16,27.16,1.128,1.859
28.57,223.13,6300,75000,18.82,21.53,2.98,0.6,700,0.9,700,1.0,28.57,28.57,1.242,1.914
47.14,343.84,6300,75000,22.5,21.13,1.4,0.6,700,0.9,700,1.0,47.14,47.14,1.819,2.575
82.91,330.45,6300,75000,15.19,22.51,1.71,0.6,700,0.9,700,1.0,82.91,82.91,2.59,3.491
30.05,227.63,6300,75000,19.09,27.21,1.45,0.6,700,0.9,700,1.0,30.05,30.05,1.367,2.07
37.48,280.02,6300,75000,23.75,19.91,2.94,0.6,700,0.9,700,1.0,37.48,37.48,1.585,2.288
33.87,324.11,6300,75000,17.31,24.25,2.3,0.6,700,0.9,700,1.0,33.87,33.87,1.376,2.129
31.67,337.1,6300,75000,19.54,27.02,2.09,0.6,700,0.9,700,1.0,31.67,31.67,1.415,2.146
39.5,206.84,6300,75000,23.25,24.57,2.54,0.6,700,0.9,700,1.0,39.5,39.5,1.686,2.424
37.08,348.44,6300,75000,20.29,24.32,2.8,0.6,700,0.9,700,1.0,37.08,37.08,1.536,2.28
37.17,191.44,6300,75000,18.42,21.27,2.35,0.6,700,0.9,700,1.0,37.17,37.17,1.45462644919086,2.17181694525194
44.63,212.6,6300,75000,18.05,15.26,1.63,0.6,700,0.9,700,1.0,44.63,44.63,1.57257318073573,2.33061864602571
42.46,294.11,6300,75000,18.28,18.37,1.91,0.6,700,0.9,700,1.0,42.46,42.46,1.56049571014867,2.32617399259667
32.82,287.53,6300,75000,22.75,16.42,2.02,0.6,700,0.9,700,1.0,32.82,32.82,1.41503570618752,2.05892021433419
31.99,263.35,6300,75000,21.84,18.82,2.63,0.6,700,0.9,700,1.0,31.99,31.99,1.38879587976142,2.04735032233298
58.99,199.19,6300,75000,23.93,15.49,1.81,0.6,700,0.9,700,1.0,58.99,58.99,2.10522206973296,2.87671164614292
46.71,221.42,6300,75000,16.41,22.75,1.14,0.6,700,0.9,700,1.0,46.71,46.71,1.791,2.483
47.07,282.18,6300,75000,23.29,19.08,1.45,0.6,700,0.9,700,1.0,47.07,47.07,1.859,2.561
56.36,217.22,6300,75000,21.33,21.79,1.05,0.6,700,0.9,700,1.0,56.36,56.36,2.109,2.846
46.68,182.23,6300,75000,20.76,25.05,2.58,0.6,700,0.9,700,1.0,46.68,46.68,1.874,2.605
38.59,267.8,6300,75000,20.2,22.27,1.57,0.6,700,0.9,700,1.0,38.59,38.59,1.612,2.294
38.65,190.77,6300,75000,24.76,28.03,1.38,0.6,700,0.9,700,1.0,38.65,38.65,1.801,2.491
35.07,247.37,6300,75000,21.65,17.62,2.6,0.6,700,0.9,700,1.0,35.07,35.07,1.477,2.12
42.17,294.86,6300,75000,16.25,23.21,1.88,0.6,700,0.9,700,1.0,42.17,42.17,1.663,2.367
36.42,213.17,6300,75000,19.91,22.22,1.43,0.6,700,0.9,700,1.0,36.42,36.42,1.548,2.233
31.38,296.8,6300,75000,16.37,27.87,2.09,0.6,700,0.9,700,1.0,31.38,31.38,1.423,2.105
45.91,277.57,6300,75000,22.68,15.08,1.8,0.6,700,0.9,700,1.0,45.91,45.91,1.753,2.45
29.99,326.09,6300,75000,17.06,25.32,2.51,0.6,700,0.9,700,1.0,29.99,29.99,1.406,2.009
62.56,346.14,6300,75000,19.32,26.19,1.36,0.6,700,0.9,700,1.0,62.56,62.56,2.426,3.059
63.53,294.43,6300,75000,24.3,25.69,1.12,0.6,700,0.9,700,1.0,63.53,63.53,2.515,3.163
41.66,276.2,6300,75000,15.1,28.33,1.76,0.6,700,0.9,700,1.0,41.66,41.66,1.811,2.415
67.51,316.44,6300,75000,19.49,19.44,1.17,0.6,700,0.9,700,1.0,67.51,67.51,2.417,3.104
59.02,292.01,6300,75000,24.77,28.28,1.56,0.6,700,0.9,700,1.0,59.02,59.02,2.45,3.039
26.11,258.69,6300,75000,18.31,23.11,2.39,0.6,700,0.9,700,1.0,26.11,26.11,1.269,1.865
37.18,250.84,6300,75000,21.67,19.3,1.11,0.6,700,0.9,700,1.0,37.18,37.18,1.607,2.223
34.46,281.07,6300,75000,14.84,16.64,2.74,0.6,700,0.9,700,1.0,34.46,34.46,1.359,1.975
41.09,217.53,6300,75000,24.96,27.26,1.15,0.6,700,0.9,700,1.0,41.09,41.09,1.915,2.548
28.29,325.5,6300,75000,22.59,26.47,2.3,0.6,700,0.9,700,1.0,28.29,28.29,1.469,2.075
33.14,230.23,6300,75000,17.25,23.12,2.36,0.6,700,0.9,700,1.0,33.14,33.14,1.474,2.079
50.39,197.97,6300,75000,17.71,20.51,1.9,0.6,700,0.9,700,1.0,50.39,50.39,1.928,2.579
34.01,349.76,6300,75000,23.92,15.49,1.3,0.6,700,0.9,700,1.0,34.01,34.01,1.527,2.109
38.2,220.02,6300,75000,21.61,23.25,2.2,0.6,700,0.9,700,1.0,38.2,38.2,1.689,2.326
48.23,298.03,6300,75000,17.47,17.33,2.12,0.6,700,0.9,700,1.0,48.23,48.23,1.802,2.439
39.87,238.85,6300,75000,22.28,25.19,2.11,0.6,700,0.9,700,1.0,39.87,39.87,1.796,2.433
40.15,349.35,6300,75000,16.18,18.28,1.92,0.6,700,0.9,700,1.0,40.15,40.15,1.572,2.213
32.04,205.41,6300,75000,24.64,16.56,1.31,0.6,700,0.9,700,1.0,32.04,32.04,1.503,2.066
48.58,342.46,6300,75000,14.53,23.33,2.16,0.6,700,0.9,700,1.0,48.58,48.58,1.914,2.526
34.38,259.77,6300,75000,20.63,23.4,2.52,0.6,700,0.9,700,1.0,34.38,34.38,1.56,2.183
24.54,289.93,6300,75000,16.63,20.83,1.63,0.6,700,0.9,700,1.0,24.54,24.54,1.155,1.742
31.57,319.34,6300,75000,17.95,19.61,2.97,0.6,700,0.9,700,1.0,31.57,31.57,1.379,1.968
70.37,237.24,6300,75000,19.81,21.62,1.75,0.6,700,0.9,700,1.0,70.37,70.37,2.542,3.23
51.08,331.01,6300,75000,15.47,27.67,2.26,0.6,700,0.9,700,1.0,51.08,51.08,2.102,2.674
34.81,250.17,6300,75000,22.04,21.95,1.22,0.6,700,0.9,700,1.0,34.81,34.81,1.591,2.189
50.67,231.35,6300,75000,19.67,16.86,1.87,0.6,700,0.9,700,1.0,50.67,50.67,1.891,2.559
41.24,236.05,6300,75000,15.47,22.97,2.94,0.6,700,0.9,700,1.0,41.24,41.24,1.689,2.316
23.06,183.92,6300,75000,15.42,24.36,1.7,0.6,700,0.9,700,1.0,23.06,23.06,1.141,1.742
25.24,297.16,6300,75000,21.86,28.72,2.11,0.6,700,0.9,700,1.0,25.24,25.24,1.388,2.004
44.47,238.09,6300,75000,17.4,19.01,2.97,0.6,700,0.9,700,1.0,44.47,44.47,1.725,2.363
29.87,273.97,6300,75000,22.0,27.17,2.56,0.6,700,0.9,700,1.0,29.87,29.87,1.519,2.12
28.16,246.1,6300,75000,22.46,16.17,2.4,0.6,700,0.9,700,1.0,28.16,28.16,1.312,1.881
48.6,231.89,6300,75000,21.5,14.65,1.02,0.6,700,0.9,700,1.0,48.6,48.6,1.75233669666691,2.49673107198032
47.65,179.98,6300,75000,23.98,16.41,1.31,0.6,700,0.9,700,1.0,47.65,47.65,1.823505409537,2.54393098761518
34.76,214.2,6300,75000,24.16,14.98,1.65,0.6,700,0.9,700,1.0,34.76,34.76,1.48879200970189,2.13798722204723
41.85,303.53,6300,75000,20.34,21.99,2.31,0.6,700,0.9,700,1.0,41.85,41.85,1.692,2.398
34.6,184.44,6300,75000,20.7,19.03,1.59,0.6,700,0.9,700,1.0,34.6,34.6,1.468,2.113
48.47,272.23,6300,75000,19.78,16.29,1.5,0.6,700,0.9,700,1.0,48.47,48.47,1.772,2.508
50.12,243.24,6300,75000,24.43,20.81,1.28,0.6,700,0.9,700,1.0,50.12,50.12,2.0,2.71
28.94,176.57,6300,75000,21.15,27.45,2.46,0.6,700,0.9,700,1.0,28.94,28.94,1.424,2.088
28.44,227.89,6300,75000,19.97,25.4,1.25,0.6,700,0.9,700,1.0,28.44,28.44,1.359,2.018
26.47,339.34,6300,75000,17.61,15.33,2.99,0.6,700,0.9,700,1.0,26.47,26.47,1.106,1.711
35.97,178.31,6300,75000,20.43,28.63,2.03,0.6,700,0.9,700,1.0,35.97,35.97,1.644,2.326
60.67,200.5,6300,75000,14.56,24.86,2.85,0.6,700,0.9,700,1.0,60.67,60.67,2.213,2.9
21.99,215.98,6300,75000,20.0,22.16,1.64,0.6,700,0.9,700,1.0,21.99,21.99,1.118,1.745
37.37,313.07,6300,75000,19.03,14.9,3.0,0.6,700,0.9,700,1.0,37.37,37.37,1.431,2.099
101.75,198.15,6300,75000,22.2,20.71,2.13,0.6,700,0.9,700,1.0,101.75,101.75,3.331,3.711
29.5,183.51,6300,75000,19.47,16.78,1.29,0.6,700,0.9,700,1.0,29.5,29.5,1.253,1.884
42.72,306.86,6300,75000,23.02,19.77,1.44,0.6,700,0.9,700,1.0,42.72,42.72,1.759,2.428
30.66,224.52,6300,75000,16.78,28.07,2.57,0.6,700,0.9,700,1.0,30.66,30.66,1.406,2.074
35.02,317.93,6300,75000,21.42,24.28,2.75,0.6,700,0.9,700,1.0,35.02,35.02,1.562,2.239
35.15,271.04,6300,75000,17.97,24.5,1.51,0.6,700,0.9,700,1.0,35.15,35.15,1.509,2.188
26.64,293.81,6300,75000,21.09,25.76,1.24,0.6,700,0.9,700,1.0,26.64,26.64,1.331,1.989
39.72,328.92,6300,75000,23.61,28.76,2.14,0.6,700,0.9,700,1.0,39.72,39.72,1.803,2.508
36.47,208.91,6300,75000,22.14,27.81,1.66,0.6,700,0.9,700,1.0,36.47,36.47,1.675,2.364
47.46,333.88,6300,75000,21.05,15.03,2.77,0.6,700,0.9,700,1.0,47.46,47.46,1.733,2.446
65.56,278.53,6300,75000,19.3,15.94,2.79,0.6,700,0.9,700,1.0,65.56,65.56,2.207,3.008
51.35,301.81,6300,75000,18.9,15.43,2.19,0.6,700,0.9,700,1.0,51.35,51.35,1.804,2.544
54.36,263.09,6300,75000,22.81,27.61,2.47,0.6,700,0.9,700,1.0,54.36,54.36,2.179,2.893
26.79,239.9,6300,75000,19.45,17.91,2.48,0.6,700,0.9,700,1.0,26.79,26.79,1.19,1.799
43.51,203.79,6300,75000,19.26,26.99,1.71,0.6,700,0.9,700,1.0,43.51,43.51,1.807,2.523
60.31,332.09,6300,75000,19.87,16.14,1.01,0.6,700,0.9,700,1.0,60.31,60.31,2.081,2.87
31.11,322.01,6300,75000,17.56,14.64,1.87,0.6,700,0.9,700,1.0,31.11,31.11,1.232,1.863
67.9,254.77,6300,75000,15.35,17.3,1.32,0.6,700,0.9,700,1.0,67.9,67.9,2.244,3.069
35.38,211.56,6300,75000,15.07,18.54,2.55,0.6,700,0.9,700,1.0,35.38,35.38,1.364,2.037
30.26,302.27,6300,75000,24.52,23.44,2.87,0.6,700,0.9,700,1.0,30.26,30.26,1.484,2.13
55.56,299.48,6300,75000,17.43,16.01,2.53,0.6,700,0.9,700,1.0,55.56,55.56,1.893,2.667
44.71,344.36,6300,75000,18.91,24.47,1.89,0.6,700,0.9,700,1.0,44.71,44.71,1.788,2.501
63.49,232.27,6300,75000,23.88,14.84,2.92,0.6,700,0.9,700,1.0,63.49,63.49,2.187,2.975
36.29,317.66,6300,75000,23.44,17.76,1.95,0.6,700,0.9,700,1.0,36.29,36.29,1.561,2.204
53.8,343.02,6300,75000,16.46,18.08,2.34,0.6,700,0.9,700,1.0,53.8,53.8,1.88,2.645
51.2,249.73,6300,75000,22.18,20.59,2.23,0.6,700,0.9,700,1.0,51.2,51.2,1.973,2.646
53.95,198.5,6300,75000,20.21,26.34,2.95,0.6,700,0.9,700,1.0,53.95,53.95,2.102,2.804
49.71,260.31,6300,75000,14.71,16.9,1.03,0.6,700,0.9,700,1.0,49.71,49.71,1.724,2.461
35.65,216.48,6300,75000,15.0,25.8,1.06,0.6,700,0.9,700,1.0,35.65,35.65,1.506,2.194
23.81,339.74,6300,75000,16.61,17.79,1.21,0.6,700,0.9,700,1.0,23.81,23.81,1.041,1.653
31.88,184.46,6300,75000,22.63,25.87,2.07,0.6,700,0.9,700,1.0,31.88,31.88,1.489,2.179
40.77,239.08,6300,75000,19.42,14.7,2.73,0.6,700,0.9,700,1.0,40.77,40.77,1.499,2.217
42.0,226.35,6300,75000,18.97,26.39,1.68,0.6,700,0.9,700,1.0,42.0,42.0,1.66,2.459
45.78,320.63,6300,75000,22.06,14.55,2.3,0.6,700,0.9,700,1.0,45.78,45.78,1.703,2.422
37.24,305.92,6300,75000,24.97,18.87,2.71,0.6,700,0.9,700,1.0,37.24,37.24,1.62,2.288
57.02,304.15,6300,75000,22.5,17.25,2.44,0.6,700,0.9,700,1.0,57.02,57.02,2.015,2.806
44.82,211.38,6300,75000,19.04,18.78,1.25,0.6,700,0.9,700,1.0,44.82,44.82,1.64243783178442,2.39939223414242
68.51,196.96,6300,75000,19.07,17.06,2.11,0.6,700,0.9,700,1.0,68.51,68.51,2.23391544404985,3.11306632849962
78.82,215.02,6300,75000,18.4,23.77,1.86,0.6,700,0.9,700,1.0,78.82,78.82,2.572,3.506
58.66,298.3,6300,75000,18.25,16.81,2.43,0.6,700,0.9,700,1.0,58.66,58.66,1.956,2.807
44.9,281.52,6300,75000,15.67,20.4,2.06,0.6,700,0.9,700,1.0,44.9,44.9,1.584,2.393
43.69,321.57,6300,75000,16.85,27.8,1.37,0.6,700,0.9,700,1.0,43.69,43.69,1.674,2.508
19.3,292.48,6300,75000,18.65,21.46,2.67,0.6,700,0.9,700,1.0,19.3,19.3,0.9962,
33.22,256.26,6300,75000,18.2,14.87,2.75,0.6,700,0.9,700,1.0,33.22,33.22,1.29,1.949
30.55,322.76,6300,75000,22.94,27.42,2.81,0.6,700,0.9,700,1.0,30.55,30.55,1.476,2.172
31.84,241.88,6300,75000,23.56,28.97,1.18,0.6,700,0.9,700,1.0,31.84,31.84,1.557,2.259
39.9,210.58,6300,75000,20.94,26.59,1.76,0.6,700,0.9,700,1.0,39.9,39.9,1.661,2.389
43.46,194.52,6300,75000,16.58,20.76,1.84,0.6,700,0.9,700,1.0,43.46,43.46,1.573,2.366
23.26,313.34,6300,75000,22.77,21.64,2.9,0.6,700,0.9,700,1.0,23.26,23.26,1.203,1.825
55.95,300.66,6300,75000,17.38,27.37,2.26,0.6,700,0.9,700,1.0,55.95,55.95,2.003,2.863
41.62,309.08,6300,75000,24.62,25.75,2.76,0.6,700,0.9,700,1.0,41.62,41.62,1.801,2.512
88.22,299.24,6300,75000,16.74,22.32,2.7,0.6,700,0.9,700,1.0,88.22,88.22,2.765,3.558
36.96,210.8,6300,75000,23.71,22.87,2.0,0.6,700,0.9,700,1.0,36.96,36.96,1.611,2.318
54.18,223.57,6300,75000,17.02,26.08,2.86,0.6,700,0.9,700,1.0,54.18,54.18,1.933,2.758
33.75,315.92,6300,75000,17.4,16.73,2.46,0.6,700,0.9,700,1.0,33.75,33.75,1.296,1.99
56.22,189.48,6300,75000,17.76,15.73,2.48,0.6,700,0.9,700,1.0,56.22,56.22,1.871,2.687
46.52,255.92,6300,75000,17.79,18.21,2.6,0.6,700,0.9,700,1.0,46.52,46.52,1.646,2.438
36.25,212.14,6300,75000,24.2,25.35,2.88,0.6,700,0.9,700,1.0,36.25,36.25,1.638,2.353
45.38,287.22,6300,75000,21.7,17.38,1.5,0.6,700,0.9,700,1.0,45.38,45.38,1.703,2.434
36.68,268.72,6300,75000,20.91,24.6,1.63,0.6,700,0.9,700,1.0,36.68,36.68,1.549,2.29
35.23,315.58,6300,75000,16.35,16.37,2.42,0.6,700,0.9,700,1.0,35.23,35.23,1.305,2.018
35.01,229.09,6300,75000,18.88,20.07,2.02,0.6,700,0.9,700,1.0,35.01,35.01,1.397,2.12
34.3,321.66,6300,75000,24.57,19.79,2.39,0.6,700,0.9,700,1.0,34.3,34.3,1.536,2.201
29.06,325.14,6300,75000,24.89,27.94,2.9,0.6,700,0.9,700,1.0,29.06,29.06,1.494,2.173
33.58,223.93,6300,75000,16.5,19.57,1.38,0.6,700,0.9,700,1.0,33.58,33.58,1.298,2.031
31.03,346.6,6300,75000,20.24,28.55,1.43,0.6,700,0.9,700,1.0,31.03,31.03,1.441,2.149
65.68,275.79,6300,75000,17.72,15.9,2.88,0.6,700,0.9,700,1.0,65.68,65.68,2.115,3.0
33.67,267.61,6300,75000,19.56,16.31,2.32,0.6,700,0.9,700,1.0,33.67,33.67,1.35,2.019
55.04,323.95,6300,75000,16.14,26.39,1.24,0.6,700,0.9,700,1.0,55.04,55.04,1.93,2.796
29.8,209.21,6300,75000,15.51,21.58,1.53,0.6,700,0.9,700,1.0,29.8,29.8,1.189,1.914
42.63,290.78,6300,75000,24.12,23.42,2.96,0.6,700,0.9,700,1.0,42.63,42.63,1.792,2.519
43.29,337.98,6300,75000,23.13,22.08,1.23,0.6,700,0.9,700,1.0,43.29,43.29,1.748,2.479
44.94,190.09,6300,75000,23.42,16.53,1.16,0.6,700,0.9,700,1.0,44.94,44.94,1.736,2.463
41.89,175.12,6300,75000,19.7,18.57,2.71,0.6,700,0.9,700,1.0,41.89,41.89,1.577,2.326
49.14,238.67,6300,75000,21.59,16.6,2.58,0.6,700,0.9,700,1.0,49.14,49.14,1.79,2.549
29.63,222.68,6300,75000,22.57,28.47,1.72,0.6,700,0.9,700,1.0,29.63,29.63,1.458,2.118
33.05,347.68,6300,75000,16.99,21.75,1.01,0.6,700,0.9,700,1.0,33.05,33.05,1.316,2.029
19.87,284.35,6300,75000,14.74,24.73,2.51,0.6,700,0.9,700,1.0,19.87,19.87,0.8921,
45.93,331.6,6300,75000,23.85,26.63,2.29,0.6,700,0.9,700,1.0,45.93,45.93,1.906,2.655
27.56,326.41,6300,75000,15.73,18.15,2.39,0.6,700,0.9,700,1.0,27.56,27.56,1.092,1.773
42.55,245.68,6300,75000,18.79,19.32,2.85,0.6,700,0.9,700,1.0,42.55,42.55,1.579,2.341
21.64,237.73,6300,75000,23.19,14.51,1.49,0.6,700,0.9,700,1.0,21.64,21.64,1.084,1.659
48.83,340.94,6300,75000,23.31,20.22,1.88,0.6,700,0.9,700,1.0,48.83,48.83,1.878,2.635
45.73,224.77,6300,75000,23.76,17.28,1.08,0.6,700,0.9,700,1.0,45.73,45.73,1.773,2.485
55.48,215.56,6300,75000,24.36,27.59,2.44,0.6,700,0.9,700,1.0,55.48,55.48,2.175,2.878
61.01,309.63,6300,75000,21.53,17.5,2.96,0.6,700,0.9,700,1.0,61.01,61.01,2.107,2.916
29.27,194.0,6300,75000,24.7,20.1,2.33,0.6,700,0.9,700,1.0,29.27,29.27,1.4023609845452,2.03569215011656
26.41,214.14,6300,75000,18.23,17.04,2.29,0.6,700,0.9,700,1.0,26.41,26.41,1.12200911579537,1.75540414843818
39.1,227.1,6300,75000,14.79,16.83,1.33,0.6,700,0.9,700,1.0,39.1,39.1,1.36858862443989,2.12756098943409
73.4,300.25,6300,75000,17.84,22.97,1.69,0.6,700,0.9,700,1.0,73.4,73.4,2.35237058499205,3.31177246467113
62.24,234.82,6300,75000,17.59,15.96,1.19,0.6,700,0.9,700,1.0,62.24,62.24,2.00628583979426,2.92247121207794
24.24,304.94,6300,75000,15.58,20.77,2.25,0.6,700,0.9,700,1.0,24.24,24.24,1.025,1.705
48.15,293.21,6300,75000,24.24,20.01,1.46,0.6,700,0.9,700,1.0,48.15,48.15,1.886,2.615
38.49,207.71,6300,75000,14.7,23.79,1.88,0.6,700,0.9,700,1.0,38.49,38.49,1.431,2.231
44.52,258.24,6300,75000,16.05,25.51,2.34,0.6,700,0.9,700,1.0,44.52,44.52,1.642,2.475
52.53,252.25,6300,75000,15.16,17.43,2.17,0.6,700,0.9,700,1.0,52.53,52.53,1.74,2.577
25.85,348.17,6300,75000,23.27,25.98,2.44,0.6,700,0.9,700,1.0,25.85,25.85,1.337,2.002
50.01,311.73,6300,75000,18.34,18.05,1.74,0.6,700,0.9,700,1.0,50.01,50.01,1.75,2.559
27.07,300.36,6300,75000,24.72,18.92,2.72,0.6,700,0.9,700,1.0,27.07,27.07,1.329,1.956
66.59,274.94,6300,75000,15.14,17.7,1.81,0.6,700,0.9,700,1.0,66.59,66.59,2.112,3.036
47.37,248.49,6300,75000,24.33,15.87,1.02,0.6,700,0.9,700,1.0,47.37,47.37,1.826,2.539
34.2,340.18,6300,75000,20.39,27.65,1.08,0.6,700,0.9,700,1.0,34.2,34.2,1.506,2.216
56.82,175.37,6300,75000,21.07,22.39,1.54,0.6,700,0.9,700,1.0,56.82,56.82,2.05,2.855
38.69,269.91,6300,75000,20.27,20.68,1.9,0.6,700,0.9,700,1.0,38.69,38.69,1.535,2.27
35.26,240.85,6300,75000,22.38,14.79,1.77,0.6,700,0.9,700,1.0,35.26,35.26,1.447,2.099
44.6,229.5,6300,75000,14.92,28.71,2.71,0.6,700,0.9,700,1.0,44.6,44.6,1.658,2.483
45.09,333.14,6300,75000,20.13,14.74,1.58,0.6,700,0.9,700,1.0,45.09,45.09,1.633,2.377
66.32,268.87,6300,75000,17.8,26.92,1.92,0.6,700,0.9,700,1.0,66.32,66.32,2.278,3.165
34.35,318.33,6300,75000,19.37,21.88,1.23,0.6,700,0.9,700,1.0,34.35,34.35,1.415,2.12
49.82,213.79,6300,75000,21.23,19.18,1.12,0.6,700,0.9,700,1.0,49.82,49.82,1.828,2.599
44.05,317.36,6300,75000,23.2,15.4,1.72,0.6,700,0.9,700,1.0,44.05,44.05,1.696,2.418
25.0,267.24,6300,75000,15.6,20.33,1.56,0.6,700,0.9,700,1.0,25.0,25.0,1.042,1.727
35.32,308.56,6300,75000,19.35,22.81,2.08,0.6,700,0.9,700,1.0,35.32,35.32,1.451,2.188
58.56,235.73,6300,75000,19.12,16.2,2.82,0.6,700,0.9,700,1.0,58.56,58.56,1.964,2.806
24.13,272.4,6300,75000,16.97,22.36,2.35,0.6,700,0.9,700,1.0,24.13,24.13,1.086,1.762
31.8,213.0,6300,75000,15.05,21.47,2.84,0.6,700,0.9,700,1.0,31.8,31.8,1.224,1.964
41.73,342.89,6300,75000,15.64,28.6,1.79,0.6,700,0.9,700,1.0,41.73,41.73,1.598,2.417
38.94,289.76,6300,75000,17.01,23.48,1.93,0.6,700,0.9,700,1.0,38.94,38.94,1.496,2.283
37.06,195.17,6300,75000,19.01,20.65,2.82,0.6,700,0.9,700,1.0,37.06,37.06,1.459,2.198
42.33,270.47,6300,75000,20.69,15.11,2.45,0.6,700,0.9,700,1.0,42.33,42.33,1.58,2.297
42.83,333.26,6300,75000,23.0,14.96,2.34,0.6,700,0.9,700,1.0,42.83,42.83,1.671,2.35
49.55,246.56,6300,75000,16.83,15.61,1.34,0.6,700,0.9,700,1.0,49.55,49.55,1.677,2.467
32.9,271.25,6300,75000,24.02,21.1,2.73,0.6,700,0.9,700,1.0,32.9,32.9,1.499,2.159
36.19,214.64,6300,75000,24.48,25.32,2.28,0.6,700,0.9,700,1.0,36.19,36.19,1.644,2.362
29.35,347.45,6300,75000,21.26,15.84,2.25,0.6,700,0.9,700,1.0,29.35,29.35,1.263,1.887
80.94,190.75,6300,75000,23.04,25.47,1.48,0.6,700,0.9,700,1.0,80.94,80.94,2.762,3.536
34.51,345.13,6300,75000,22.9,25.57,1.29,0.6,700,0.9,700,1.0,34.51,34.51,1.559,2.271
31.43,310.59,6300,75000,17.51,19.86,1.62,0.6,700,0.9,700,1.0,31.43,31.43,1.262,1.968
54.87,308.98,6300,75000,22.47,20.47,2.24,0.6,700,0.9,700,1.0,54.87,54.87,2.01,2.789
69.37,204.12,6300,75000,19.41,27.76,2.61,0.6,700,0.9,700,1.0,69.37,69.37,2.413,3.227
46.84,262.34,6300,75000,17.89,15.22,1.57,0.6,700,0.9,700,1.0,46.84,46.84,1.627,2.387
32.53,249.46,6300,75000,22.37,26.66,2.52,0.6,700,0.9,700,1.0,32.53,32.53,1.509,2.216
42.25,263.77,6300,75000,17.54,19.99,2.89,0.6,700,0.9,700,1.0,42.25,42.25,1.55,2.323
51.72,323.47,6300,75000,15.87,15.37,1.46,0.6,700,0.9,700,1.0,51.72,51.72,1.712,2.528
37.78,219.22,6300,75000,14.83,23.35,1.11,0.6,700,0.9,700,1.0,37.78,37.78,1.412,2.204
30.72,335.22,6300,75000,23.17,23.58,1.83,0.6,700,0.9,700,1.0,30.72,30.72,1.448,2.091
45.0,282.64,6300,75000,17.06,24.42,2.54,0.6,700,0.9,700,1.0,45.0,45.0,1.6648004228171,2.47319845191812
21.13,241.15,6300,75000,16.24,25.98,2.01,0.6,700,0.9,700,1.0,21.13,21.13,1.02056947198908,1.72560567210955
42.78,288.67,6300,75000,15.77,26.83,2.0,0.6,700,0.9,700,1.0,42.78,42.78,1.60789320869542,2.43593704884896
49.07,263.91,6300,75000,15.44,21.42,1.1,0.6,700,0.9,700,1.0,49.07,49.07,1.69946926266949,2.51360445577594
40.39,297.06,6300,75000,23.22,15.59,1.68,0.6,700,0.9,700,1.0,40.39,40.39,1.61290497016601,2.29923349450571
52.94,275.17,6300,75000,18.13,24.12,2.87,0.6,700,0.9,700,1.0,52.94,52.94,2.005,2.687
23.43,285.24,6300,75000,23.48,28.36,1.25,0.6,700,0.9,700,1.0,23.43,23.43,1.326,1.987
26.86,236.73,6300,75000,22.84,24.4,1.96,0.6,700,0.9,700,1.0,26.86,26.86,1.355,2.0
40.47,201.36,6300,75000,19.94,19.67,1.77,0.6,700,0.9,700,1.0,40.47,40.47,1.615,2.288
33.93,328.0,6300,75000,15.99,25.62,2.24,0.6,700,0.9,700,1.0,33.93,33.93,1.461,2.127
22.44,264.36,6300,75000,21.94,14.58,1.41,0.6,700,0.9,700,1.0,22.44,22.44,1.083,1.656
49.42,310.41,6300,75000,16.07,20.63,2.66,0.6,700,0.9,700,1.0,49.42,49.42,1.818,2.524
28.7,312.9,6300,75000,22.02,23.68,2.25,0.6,700,0.9,700,1.0,28.7,28.7,1.381,2.018
62.61,209.43,6300,75000,24.93,16.95,1.02,0.6,700,0.9,700,1.0,62.61,62.61,2.286,3.01
48.29,344.56,6300,75000,22.56,27.74,2.22,0.6,700,0.9,700,1.0,48.29,48.29,2.019,2.727
36.83,247.0,6300,75000,20.58,25.82,2.68,0.6,700,0.9,700,1.0,36.83,36.83,1.624,2.308
40.97,177.06,6300,75000,20.05,19.35,2.3,0.6,700,0.9,700,1.0,40.97,40.97,1.617,2.31
29.38,239.61,6300,75000,14.97,18.5,2.07,0.6,700,0.9,700,1.0,29.38,29.38,1.185,1.824
29.9,334.39,6300,75000,16.68,28.85,1.28,0.6,700,0.9,700,1.0,29.9,29.9,1.401,2.052
42.2,329.49,6300,75000,18.51,24.83,1.07,0.6,700,0.9,700,1.0,42.2,42.2,1.732,2.434
52.65,261.34,6300,75000,24.11,23.95,2.13,0.6,700,0.9,700,1.0,52.65,52.65,2.114,2.786
44.28,244.65,6300,75000,24.05,16.05,2.37,0.6,700,0.9,700,1.0,44.28,44.28,1.751,2.443
33.29,327.47,6300,75000,17.92,28.42,1.51,0.6,700,0.9,700,1.0,33.29,33.29,1.58,2.18
39.96,208.37,6300,75000,19.89,21.72,2.18,0.6,700,0.9,700,1.0,39.96,39.96,1.684,2.316
50.2,317.03,6300,75000,17.15,23.56,2.76,0.6,700,0.9,700,1.0,50.2,50.2,1.984,2.617
45.62,341.28,6300,75000,18.71,19.37,2.27,0.6,700,0.9,700,1.0,45.62,45.62,1.781,2.445
36.61,253.96,6300,75000,17.18,23.7,2.28,0.6,700,0.9,700,1.0,36.61,36.61,1.591,2.206
87.44,260.92,6300,75000,18.45,27.13,1.98,0.6,700,0.9,700,1.0,87.44,87.44,3.168,3.553
57.36,257.82,6300,75000,22.66,21.86,1.19,0.6,700,0.9,700,1.0,57.36,57.36,2.218,2.899
43.59,220.52,6300,75000,17.34,24.66,1.82,0.6,700,0.9,700,1.0,43.59,43.59,1.813,2.433
39.56,319.05,6300,75000,19.35,16.48,2.99,0.6,700,0.9,700,1.0,39.56,39.56,1.572,2.202
55.36,252.55,6300,75000,17.46,25.08,1.37,0.6,700,0.9,700,1.0,55.36,55.36,2.175,2.826
48.07,193.4,6300,75000,23.65,28.13,2.67,0.6,700,0.9,700,1.0,48.07,48.07,2.071,2.744
40.9,251.86,6300,75000,22.86,27.97,2.54,0.6,700,0.9,700,1.0,40.9,40.9,1.859,2.497
34.14,216.89,6300,75000,14.5,21.67,2.82,0.6,700,0.9,700,1.0,34.14,34.14,1.442,2.022
46.56,322.63,6300,75000,15.27,19.73,2.98,0.6,700,0.9,700,1.0,46.56,46.56,1.777,2.402
36.57,241.59,6300,75000,15.01,27.03,2.41,0.6,700,0.9,700,1.0,36.57,36.57,1.621,2.23
77.12,335.59,6300,75000,20.63,22.91,2.73,0.6,700,0.9,700,1.0,77.12,77.12,2.756,3.39
39.79,230.82,6300,75000,15.86,23.84,2.65,0.6,700,0.9,700,1.0,39.79,39.79,1.66,2.284
39.65,341.63,6300,75000,15.89,14.6,2.78,0.6,700,0.9,700,1.0,39.65,39.65,1.486,2.122
41.53,273.02,6300,75000,17.32,27.3,2.7,0.6,700,0.9,700,1.0,41.53,41.53,1.803,2.416
45.45,199.97,6300,75000,15.13,15.18,2.32,0.6,700,0.9,700,1.0,45.45,45.45,1.651,2.308
27.96,188.57,6300,75000,21.35,19.25,1.78,0.6,700,0.9,700,1.0,27.96,27.96,1.33,1.913
43.19,221.1,6300,75000,16.86,19.98,1.07,0.6,700,0.9,700,1.0,43.19,43.19,1.699,2.35
32.72,283.43,6300,75000,20.42,28.25,2.91,0.6,700,0.9,700,1.0,32.72,32.72,1.594,2.21
45.5,208.08,6300,75000,20.04,22.68,1.7,0.6,700,0.9,700,1.0,45.5,45.5,1.863,2.501
40.66,269.3,6300,75000,22.27,22.59,1.55,0.6,700,0.9,700,1.0,40.66,40.66,1.763,2.388
28.76,295.8,6300,75000,14.89,25.14,2.45,0.6,700,0.9,700,1.0,28.76,28.76,1.391,1.925
49.6,240.56,6300,75000,24.86,20.15,1.29,0.6,700,0.9,700,1.0,49.6,49.6,2.034,2.681
58.09,201.75,6300,75000,20.84,25.65,1.61,0.6,700,0.9,700,1.0,58.09,58.09,2.295,2.921
37.82,311.18,6300,75000,19.16,26.7,2.65,0.6,700,0.9,700,1.0,37.82,37.82,1.55839683969493,2.33004792579436
50.56,254.88,6300,75000,15.69,22.35,2.53,0.6,700,0.9,700,1.0,50.56,50.56,1.75437259792023,2.57120435674084
35.79,344.96,6300,75000,20.49,25.44,2.6,0.6,700,0.9,700,1.0,35.79,35.79,1.5219111088462,2.26679943862372
38.1,302.66,6300,75000,18.36,23.89,1.47,0.6,700,0.9,700,1.0,38.1,38.1,1.51134083363785,2.2783611146048
52.01,313.95,6300,75000,15.22,26.43,1.58,0.6,700,0.9,700,1.0,52.01,52.01,1.82833728611665,2.6756610719324
30.34,286.28,6300,75000,17.68,15.82,1.51,0.6,700,0.9,700,1.0,30.34,30.34,1.20721860742048,1.86827265521189
22.13,253.27,6300,75000,18.03,17.47,2.91,0.6,700,0.9,700,1.0,22.13,22.13,0.9959,
31.33,295.55,6300,75000,18.56,17.72,1.19,0.6,700,0.9,700,1.0,31.33,31.33,1.27131805881219,1.95092598939282
41.16,240.32,6300,75000,18.76,18.74,2.95,0.6,700,0.9,700,1.0,41.16,41.16,1.53581797230827,2.2873386811759
38.79,243.52,6300,75000,20.3,25.16,1.67,0.6,700,0.9,700,1.0,38.79,38.79,1.59704066289778,2.35347315857201
27.43,277.94,6300,75000,17.13,15.66,1.82,0.6,700,0.9,700,1.0,27.43,27.43,1.10809367576274,1.74325601308349
32.44,328.44,6300,75000,21.21,25.86,1.04,0.6,700,0.9,700,1.0,32.44,32.44,1.465,2.17
47.29,314.94,6300,75000,20.75,28.8,1.11,0.6,700,0.9,700,1.0,47.29,47.29,1.88,2.666
45.67,349.08,6300,75000,22.77,28.43,1.93,0.6,700,0.9,700,1.0,45.67,45.67,1.887,2.672
64.35,191.65,6300,75000,15.63,17.84,1.8,0.6,700,0.9,700,1.0,64.35,64.35,2.067,2.967
54.43,254.31,6300,75000,24.55,21.5,1.64,0.6,700,0.9,700,1.0,54.43,54.43,2.075,2.821
33.09,261.86,6300,75000,18.08,26.06,2.68,0.6,700,0.9,700,1.0,33.09,33.09,1.399,2.145
48.95,289.23,6300,75000,18.99,16.92,1.46,0.6,700,0.9,700,1.0,48.95,48.95,1.724,2.488
30.99,330.17,6300,75000,21.81,24.99,1.55,0.6,700,0.9,700,1.0,30.99,30.99,1.433,2.101
44.24,248.51,6300,75000,14.96,22.58,1.49,0.6,700,0.9,700,1.0,44.24,44.24,1.577,2.402
37.64,187.96,6300,75000,16.87,18.32,2.85,0.6,700,0.9,700,1.0,37.64,37.64,1.396,2.137
29.6,324.74,6300,75000,18.87,27.9,2.7,0.6,700,0.9,700,1.0,29.6,29.6,1.353,2.081
24.81,290.95,6300,75000,20.51,26.24,2.66,0.6,700,0.9,700,1.0,24.81,24.81,1.234,1.923
48.39,331.28,6300,75000,18.47,18.33,1.94,0.6,700,0.9,700,1.0,48.39,48.39,1.714,2.493
40.08,245.1,6300,75000,23.54,15.63,1.5,0.6,700,0.9,700,1.0,40.08,40.08,1.617,2.287
39.46,247.78,6300,75000,14.77,18.94,1.83,0.6,700,0.9,700,1.0,39.46,39.46,1.397,2.176
52.76,291.29,6300,75000,21.31,23.97,2.66,0.6,700,0.9,700,1.0,52.76,52.76,1.97,2.737
42.1,203.5,6300,75000,23.79,23.26,2.16,0.6,700,0.9,700,1.0,42.1,42.1,1.754,2.492
25.38,339.11,6300,75000,21.28,20.26,1.98,0.6,700,0.9,700,1.0,25.38,25.38,1.207,1.839
38.19,251.59,6300,75000,20.66,19.94,1.6,0.6,700,0.9,700,1.0,38.19,38.19,1.524,2.242
40.54,251.02,6300,75000,15.82,17.64,1.38,0.6,700,0.9,700,1.0,40.54,40.54,1.443,2.204
48.76,226.73,6300,75000,17.58,26.18,1.07,0.6,700,0.9,700,1.0,48.76,48.76,1.8,2.624
27.33,188.81,6300,75000,24.8,25.23,1.43,0.6,700,0.9,700,1.0,27.33,27.33,1.419,2.076
29.15,312.37,6300,75000,21.88,22.65,1.53,0.6,700,0.9,700,1.0,29.15,29.15,1.358,2.028
35.9,185.9,6300,75000,19.22,16.7,2.8,0.6,700,0.9,700,1.0,35.9,35.9,1.391,2.091
33.0,292.63,6300,75000,22.25,17.36,1.34,0.6,700,0.9,700,1.0,33.0,33.0,1.415,2.068
30.22,179.45,6300,75000,24.73,18.81,1.41,0.6,700,0.9,700,1.0,30.22,30.22,1.424,2.034
37.45,233.27,6300,75000,21.56,27.1,1.99,0.6,700,0.9,700,1.0,37.45,37.45,1.617,2.364
41.96,286.45,6300,75000,23.51,23.53,2.6,0.6,700,0.9,700,1.0,41.96,41.96,1.742,2.492
45.29,336.96,6300,75000,16.93,18.53,1.18,0.6,700,0.9,700,1.0,45.29,45.29,1.601,2.376
39.19,269.77,6300,75000,21.38,21.92,2.62,0.6,700,0.9,700,1.0,39.19,39.19,1.59,2.321
40.24,211.81,6300,75000,21.4,20.2,1.45,0.6,700,0.9,700,1.0,40.24,40.24,1.599,2.337
32.24,314.51,6300,75000,15.49,16.45,2.48,0.6,700,0.9,700,1.0,32.24,32.24,1.198,1.894
23.61,315.05,6300,75000,17.91,20.9,1.18,0.6,700,0.9,700,1.0,23.61,23.61,1.078,1.731
38.74,323.31,6300,75000,22.15,26.81,1.64,0.6,700,0.9,700,1.0,38.74,38.74,1.668,2.427
41.4,335.88,6300,75000,22.7,21.35,1.56,0.6,700,0.9,700,1.0,41.4,41.4,1.678,2.376
30.51,304.83,6300,75000,19.95,24.76,1.35,0.6,700,0.9,700,1.0,30.51,30.51,1.372,2.041
29.74,180.97,6300,75000,19.5,22.54,1.66,0.6,700,0.9,700,1.0,29.74,29.74,1.316,1.997
44.41,236.27,6300,75000,18.17,26.13,1.95,0.6,700,0.9,700,1.0,44.41,44.41,1.698,2.514
50.71,205.9,6300,75000,23.63,20.08,2.14,0.6,700,0.9,700,1.0,50.71,50.71,1.94,2.677
