ribs,ribs,ribs,ribs,ribs,ribs,ribs,ribs,Leire1,Leire1,Leire2,Leire2,Leire1,Leire2
su_clay,su_LC,E_clay,E_LC,L_col,L_rib,c_rib,d_rib,GURsUARatio,gammaFC,GURsUARatio,gammaFC,sUARef,sUARef
33.8,231.18,6300,75000,16.17,24.64,1.3,0.6,700,0.9,700,1.0,33.8,33.8
57.71,258.47,6300,75000,24.24,15.7,2.77,0.6,700,0.9,700,1.0,57.71,57.71
26.62,259.01,6300,75000,20.82,24.69,2.86,0.6,700,0.9,700,1.0,26.62,26.62
40.48,285.37,6300,75000,18.63,23.31,2.83,0.6,700,0.9,700,1.0,40.48,40.48
64.58,228.68,6300,75000,21.01,15.39,2.43,0.6,700,0.9,700,1.0,64.58,64.58
34.07,227.29,6300,75000,23.72,20.59,2.45,0.6,700,0.9,700,1.0,34.07,34.07
42.39,220.35,6300,75000,22.61,23.52,1.91,0.6,700,0.9,700,1.0,42.39,42.39
35.74,252.89,6300,75000,17.21,21.31,2.41,0.6,700,0.9,700,1.0,35.74,35.74
39.24,299.81,6300,75000,24.21,18.67,1.03,0.6,700,0.9,700,1.0,39.24,39.24
40.32,179.12,6300,75000,23.38,21.02,1.16,0.6,700,0.9,700,1.0,40.32,40.32
55.1,222.53,6300,75000,21.16,17.53,2.63,0.6,700,0.9,700,1.0,55.1,55.1
45.12,205.0,6300,75000,22.42,25.71,1.0,0.6,700,0.9,700,1.0,45.12,45.12
32.32,207.18,6300,75000,18.11,26.91,2.69,0.6,700,0.9,700,1.0,32.32,32.32
17.49,200.91,6300,75000,20.11,23.75,1.13,0.6,700,0.9,700,1.0,17.49,17.49
16.33,340.27,6300,75000,19.19,24.04,2.33,0.6,700,0.9,700,1.0,16.33,16.33
31.71,265.65,6300,75000,18.18,22.71,1.31,0.6,700,0.9,700,1.0,31.71,31.71
60.85,186.43,6300,75000,18.73,15.99,2.01,0.6,700,0.9,700,1.0,60.85,60.85
49.4,270.86,6300,75000,15.71,24.21,1.76,0.6,700,0.9,700,1.0,49.4,49.4
74.47,265.39,6300,75000,19.61,16.59,2.69,0.6,700,0.9,700,1.0,74.47,74.47
41.35,342.27,6300,75000,16.27,19.64,1.38,0.6,700,0.9,700,1.0,41.35,41.35
53.48,259.37,6300,75000,17.22,28.0,2.37,0.6,700,0.9,700,1.0,53.48,53.48
38.35,295.38,6300,75000,21.89,17.59,2.61,0.6,700,0.9,700,1.0,38.35,38.35
47.9,307.07,6300,75000,23.35,28.59,2.07,0.6,700,0.9,700,1.0,47.9,47.9
46.38,346.89,6300,75000,20.6,15.77,1.48,0.6,700,0.9,700,1.0,46.38,46.38
38.28,242.72,6300,75000,16.65,18.03,1.98,0.6,700,0.9,700,1.0,38.28,38.28
37.99,205.54,6300,75000,21.8,20.17,2.81,0.6,700,0.9,700,1.0,37.99,37.99
36.37,257.35,6300,75000,21.1,15.24,1.95,0.6,700,0.9,700,1.0,36.37,36.37
47.82,204.51,6300,75000,22.83,26.02,2.04,0.6,700,0.9,700,1.0,47.82,47.82
37.3,232.68,6300,75000,14.91,18.62,2.9,0.6,700,0.9,700,1.0,37.3,37.3
19.0,290.34,6300,75000,16.39,18.73,1.1,0.6,700,0.9,700,1.0,19.0,19.0
35.6,248.96,6300,75000,16.32,22.15,2.46,0.6,700,0.9,700,1.0,35.6,35.6
67.06,178.01,6300,75000,21.77,27.49,1.85,0.6,700,0.9,700,1.0,67.06,67.06
48.9,311.05,6300,75000,22.9,26.53,2.92,0.6,700,0.9,700,1.0,48.9,48.9
46.07,198.9,6300,75000,17.65,21.33,2.21,0.6,700,0.9,700,1.0,46.07,46.07
22.87,314.09,6300,75000,22.31,19.1,1.89,0.6,700,0.9,700,1.0,22.87,22.87
25.77,244.34,6300,75000,25.0,21.4,2.79,0.6,700,0.9,700,1.0,25.77,25.77
30.12,189.06,6300,75000,16.02,21.08,1.52,0.6,700,0.9,700,1.0,30.12,30.12
33.61,276.04,6300,75000,23.11,24.16,1.27,0.6,700,0.9,700,1.0,33.61,33.61
40.6,273.41,6300,75000,18.59,24.03,1.9,0.6,700,0.9,700,1.0,40.6,40.6
57.89,332.33,6300,75000,22.11,15.14,2.59,0.6,700,0.9,700,1.0,57.89,57.89
40.88,233.7,6300,75000,24.5,26.88,1.71,0.6,700,0.9,700,1.0,40.88,40.88
41.04,320.99,6300,75000,15.98,25.42,1.6,0.6,700,0.9,700,1.0,41.04,41.04
39.61,301.2,6300,75000,16.79,20.36,1.79,0.6,700,0.9,700,1.0,39.61,39.61
41.44,182.79,6300,75000,19.18,19.16,1.15,0.6,700,0.9,700,1.0,41.44,41.44
39.17,200.89,6300,75000,20.99,17.1,2.56,0.6,700,0.9,700,1.0,39.17,39.17
52.14,307.47,6300,75000,15.75,25.59,1.42,0.6,700,0.9,700,1.0,52.14,52.14
32.58,186.83,6300,75000,19.11,21.17,1.58,0.6,700,0.9,700,1.0,32.58,32.58
38.87,221.74,6300,75000,21.73,17.83,2.64,0.6,700,0.9,700,1.0,38.87,38.87
27.48,184.82,6300,75000,18.84,24.81,1.4,0.6,700,0.9,700,1.0,27.48,27.48
35.42,219.67,6300,75000,23.45,18.44,2.74,0.6,700,0.9,700,1.0,35.42,35.42
50.31,318.83,6300,75000,20.09,19.47,2.28,0.6,700,0.9,700,1.0,50.31,50.31
42.59,327.11,6300,75000,15.34,23.17,1.09,0.6,700,0.9,700,1.0,42.59,42.59
63.87,253.69,6300,75000,21.76,17.42,2.57,0.6,700,0.9,700,1.0,63.87,63.87
43.27,266.31,6300,75000,23.97,24.23,1.85,0.6,700,0.9,700,1.0,43.27,43.27
34.94,260.48,6300,75000,17.12,22.79,2.41,0.6,700,0.9,700,1.0,34.94,34.94
32.68,279.72,6300,75000,21.13,28.37,2.87,0.6,700,0.9,700,1.0,32.68,32.68
37.88,334.81,6300,75000,15.36,28.92,1.84,0.6,700,0.9,700,1.0,37.88,37.88
50.91,194.74,6300,75000,16.9,24.88,2.76,0.6,700,0.9,700,1.0,50.91,50.91
28.63,286.94,6300,75000,16.52,22.64,1.75,0.6,700,0.9,700,1.0,28.63,28.63
36.13,330.02,6300,75000,24.59,22.03,1.27,0.6,700,0.9,700,1.0,36.13,36.13
26.2,257.02,6300,75000,15.24,17.94,2.72,0.6,700,0.9,700,1.0,26.2,26.2
76.08,291.63,6300,75000,24.9,15.09,1.06,0.6,700,0.9,700,1.0,76.08,76.08
63.13,256.82,6300,75000,23.59,16.33,1.21,0.6,700,0.9,700,1.0,63.13,63.13
38.05,247.9,6300,75000,14.68,20.53,1.62,0.6,700,0.9,700,1.0,38.05,38.05
28.99,233.04,6300,75000,22.21,28.23,1.04,0.6,700,0.9,700,1.0,28.99,28.99
55.81,336.5,6300,75000,20.45,27.07,2.04,0.6,700,0.9,700,1.0,55.81,55.81
30.9,308.23,6300,75000,15.3,23.99,1.39,0.6,700,0.9,700,1.0,30.9,30.9
61.84,189.73,6300,75000,21.19,16.08,1.13,0.6,700,0.9,700,1.0,61.84,61.84
45.2,245.92,6300,75000,22.31,24.53,1.23,0.6,700,0.9,700,1.0,45.2,45.2
36.85,279.46,6300,75000,23.11,20.92,2.24,0.6,700,0.9,700,1.0,36.85,36.85
59.8,343.56,6300,75000,23.82,23.19,2.88,0.6,700,0.9,700,1.0,59.8,59.8
20.93,175.76,6300,75000,24.06,17.02,2.83,0.6,700,0.9,700,1.0,20.93,20.93
44.08,262.76,6300,75000,15.19,19.41,2.21,0.6,700,0.9,700,1.0,44.08,44.08
39.0,255.45,6300,75000,23.06,27.25,1.16,0.6,700,0.9,700,1.0,39.0,39.0
28.4,336.08,6300,75000,18.53,21.98,1.57,0.6,700,0.9,700,1.0,28.4,28.4
43.99,332.53,6300,75000,17.75,16.99,2.62,0.6,700,0.9,700,1.0,43.99,43.99
28.84,277.21,6300,75000,16.36,14.79,2.38,0.6,700,0.9,700,1.0,28.84,28.84
34.69,196.57,6300,75000,22.42,27.92,1.59,0.6,700,0.9,700,1.0,34.69,34.69
71.87,180.46,6300,75000,18.01,25.91,2.22,0.6,700,0.9,700,1.0,71.87,71.87
20.65,202.84,6300,75000,16.75,15.0,1.44,0.6,700,0.9,700,1.0,20.65,20.65
49.22,233.88,6300,75000,23.53,19.88,2.01,0.6,700,0.9,700,1.0,49.22,49.22
46.15,229.74,6300,75000,18.38,17.98,2.84,0.6,700,0.9,700,1.0,46.15,46.15
56.71,276.71,6300,75000,18.54,18.98,2.49,0.6,700,0.9,700,1.0,56.71,56.71
41.8,264.77,6300,75000,23.89,18.25,1.42,0.6,700,0.9,700,1.0,41.8,41.8
34.87,340.9,6300,75000,14.86,28.53,2.37,0.6,700,0.9,700,1.0,34.87,34.87
61.38,215.65,6300,75000,16.56,18.1,1.61,0.6,700,0.9,700,1.0,61.38,61.38
54.55,268.34,6300,75000,16.09,19.26,1.85,0.6,700,0.9,700,1.0,54.55,54.55
36.02,218.19,6300,75000,19.74,26.54,1.8,0.6,700,0.9,700,1.0,36.02,36.02
60.03,280.85,6300,75000,21.45,18.88,2.56,0.6,700,0.9,700,1.0,60.03,60.03
39.31,187.5,6300,75000,15.83,23.64,1.35,0.6,700,0.9,700,1.0,39.31,39.31
28.05,293.54,6300,75000,18.66,16.1,2.51,0.6,700,0.9,700,1.0,28.05,28.05
50.87,228.55,6300,75000,24.85,17.88,1.21,0.6,700,0.9,700,1.0,50.87,50.87
53.01,192.19,6300,75000,22.73,28.48,2.31,0.6,700,0.9,700,1.0,53.01,53.01
27.66,199.54,6300,75000,20.54,15.55,1.69,0.6,700,0.9,700,1.0,27.66,27.66
43.03,266.95,6300,75000,23.84,25.02,1.97,0.6,700,0.9,700,1.0,43.03,43.03
47.23,304.0,6300,75000,15.96,19.53,1.54,0.6,700,0.9,700,1.0,47.23,47.23
28.12,183.15,6300,75000,20.1,16.23,2.4,0.6,700,0.9,700,1.0,28.12,28.12
33.52,309.78,6300,75000,21.29,25.21,1.32,0.6,700,0.9,700,1.0,33.52,33.52
56.12,337.43,6300,75000,21.62,21.2,2.91,0.6,700,0.9,700,1.0,56.12,56.12
25.15,320.21,6300,75000,15.53,19.58,2.1,0.6,700,0.9,700,1.0,25.15,25.15
61.75,338.17,6300,75000,16.1,27.55,1.99,0.6,700,0.9,700,1.0,61.75,61.75
35.5,209.76,6300,75000,18.76,26.31,2.17,0.6,700,0.9,700,1.0,35.5,35.5
24.4,218.83,6300,75000,19.84,24.77,1.68,0.6,700,0.9,700,1.0,24.4,24.4
24.92,288.87,6300,75000,23.33,14.71,1.34,0.6,700,0.9,700,1.0,24.92,24.92
51.48,307.67,6300,75000,19.66,17.11,2.59,0.6,700,0.9,700,1.0,51.48,51.48
46.33,250.43,6300,75000,20.87,24.95,2.49,0.6,700,0.9,700,1.0,46.33,46.33
37.96,186.92,6300,75000,16.44,24.92,2.08,0.6,700,0.9,700,1.0,37.96,37.96
56.62,235.48,6300,75000,24.45,22.05,1.86,0.6,700,0.9,700,1.0,56.62,56.62
36.51,306.33,6300,75000,22.09,24.14,1.72,0.6,700,0.9,700,1.0,36.51,36.51
32.82,280.54,6300,75000,19.98,23.63,1.96,0.6,700,0.9,700,1.0,32.82,32.82
32.46,181.61,6300,75000,20.55,16.71,1.52,0.6,700,0.9,700,1.0,32.46,32.46
33.38,271.83,6300,75000,17.82,18.41,2.03,0.6,700,0.9,700,1.0,33.38,33.38
27.81,329.19,6300,75000,21.47,28.18,2.19,0.6,700,0.9,700,1.0,27.81,27.81
36.94,177.21,6300,75000,24.09,15.52,1.79,0.6,700,0.9,700,1.0,36.94,36.94
27.77,222.02,6300,75000,19.6,22.44,2.93,0.6,700,0.9,700,1.0,27.77,27.77
30.83,288.28,6300,75000,16.14,28.21,2.79,0.6,700,0.9,700,1.0,30.83,30.83
30.43,282.1,6300,75000,16.22,22.27,2.92,0.6,700,0.9,700,1.0,30.43,30.43
40.21,225.98,6300,75000,20.78,26.75,1.1,0.6,700,0.9,700,1.0,40.21,40.21
40.71,176.25,6300,75000,16.3,22.12,2.17,0.6,700,0.9,700,1.0,40.71,40.71
57.64,244.21,6300,75000,15.79,17.22,1.14,0.6,700,0.9,700,1.0,57.64,57.64
22.7,312.01,6300,75000,15.29,21.55,1.76,0.6,700,0.9,700,1.0,22.7,22.7
35.84,197.07,6300,75000,14.62,27.53,1.41,0.6,700,0.9,700,1.0,35.84,35.84
47.98,237.5,6300,75000,15.93,16.66,2.67,0.6,700,0.9,700,1.0,47.98,47.98
30.78,320.59,6300,75000,19.56,22.49,1.15,0.6,700,0.9,700,1.0,30.78,30.78
31.55,326.61,6300,75000,23.39,21.74,1.26,0.6,700,0.9,700,1.0,31.55,31.55
42.92,181.89,6300,75000,20.83,28.95,1.94,0.6,700,0.9,700,1.0,42.92,42.92
51.04,225.47,6300,75000,22.96,28.87,2.42,0.6,700,0.9,700,1.0,51.04,51.04
32.33,272.84,6300,75000,17.88,22.47,2.15,0.6,700,0.9,700,1.0,32.33,32.33
43.79,296.13,6300,75000,14.79,16.24,1.36,0.6,700,0.9,700,1.0,43.79,43.79
43.1,302.91,6300,75000,19.72,27.38,1.69,0.6,700,0.9,700,1.0,43.1,43.1
73.66,192.06,6300,75000,16.69,23.05,2.53,0.6,700,0.9,700,1.0,73.66,73.66
43.34,274.17,6300,75000,20.47,18.61,2.78,0.6,700,0.9,700,1.0,43.34,43.34
42.98,225.28,6300,75000,20.32,26.78,2.05,0.6,700,0.9,700,1.0,42.98,42.98
33.34,195.93,6300,75000,14.59,17.68,2.08,0.6,700,0.9,700,1.0,33.34,33.34
32.18,301.67,6300,75000,24.39,26.25,2.1,0.6,700,0.9,700,1.0,32.18,32.18
51.6,316.13,6300,75000,17.66,25.1,1.47,0.6,700,0.9,700,1.0,51.6,51.6
51.62,193.69,6300,75000,19.63,19.82,2.97,0.6,700,0.9,700,1.0,51.62,51.62
39.04,338.5,6300,75000,18.48,19.5,2.95,0.6,700,0.9,700,1.0,39.04,39.04
53.13,179.9,6300,75000,19.82,20.86,2.15,0.6,700,0.9,700,1.0,53.13,53.13
37.73,325.82,6300,75000,21.98,28.66,1.01,0.6,700,0.9,700,1.0,37.73,37.73
59.59,279.14,6300,75000,19.77,17.98,2.23,0.6,700,0.9,700,1.0,59.59,59.59
32.1,202.24,6300,75000,22.53,26.28,2.2,0.6,700,0.9,700,1.0,32.1,32.1
58.35,203.18,6300,75000,16.48,21.81,1.26,0.6,700,0.9,700,1.0,58.35,58.35
38.39,224.22,6300,75000,15.91,17.15,1.73,0.6,700,0.9,700,1.0,38.39,38.39
53.29,234.18,6300,75000,20.15,19.2,1.35,0.6,700,0.9,700,1.0,53.29,53.29
24.03,278.86,6300,75000,23.68,19.72,2.04,0.6,700,0.9,700,1.0,24.03,24.03
49.92,180.64,6300,75000,20.98,17.19,2.19,0.6,700,0.9,700,1.0,49.92,49.92
44.16,177.74,6300,75000,24.65,28.15,1.65,0.6,700,0.9,700,1.0,44.16,44.16
38.46,319.82,6300,75000,24.46,14.93,1.08,0.6,700,0.9,700,1.0,38.46,38.46
43.92,348.85,6300,75000,23.66,27.19,1.92,0.6,700,0.9,700,1.0,43.92,43.92
54.04,202.31,6300,75000,15.04,18.16,1.99,0.6,700,0.9,700,1.0,54.04,54.04
46.09,243.71,6300,75000,16.71,26.49,1.22,0.6,700,0.9,700,1.0,46.09,46.09
59.36,197.49,6300,75000,17.99,26.73,2.38,0.6,700,0.9,700,1.0,59.36,59.36
36.09,230.43,6300,75000,20.96,25.28,1.67,0.6,700,0.9,700,1.0,36.09,36.09
43.81,305.58,6300,75000,19.25,23.01,1.13,0.6,700,0.9,700,1.0,43.81,43.81
53.51,210.33,6300,75000,24.33,21.03,1.06,0.6,700,0.9,700,1.0,53.51,53.51
41.26,242.39,6300,75000,23.08,18.68,2.18,0.6,700,0.9,700,1.0,41.26,41.26
68.93,182.46,6300,75000,22.05,24.37,1.83,0.6,700,0.9,700,1.0,68.93,68.93
47.52,287.84,6300,75000,17.49,23.83,2.34,0.6,700,0.9,700,1.0,47.52,47.52
43.65,235.01,6300,75000,18.27,19.13,1.2,0.6,700,0.9,700,1.0,43.65,43.65
34.64,327.81,6300,75000,24.82,17.56,1.05,0.6,700,0.9,700,1.0,34.64,34.64
46.97,193.03,6300,75000,20.9,27.72,2.05,0.6,700,0.9,700,1.0,46.97,46.97
40.01,185.82,6300,75000,17.29,20.29,1.2,0.6,700,0.9,700,1.0,40.01,40.01
33.48,277.02,6300,75000,20.73,26.6,1.53,0.6,700,0.9,700,1.0,33.48,33.48
26.02,285.95,6300,75000,20.17,18.21,2.16,0.6,700,0.9,700,1.0,26.02,26.02
47.73,298.85,6300,75000,18.7,26.13,2.05,0.6,700,0.9,700,1.0,47.73,47.73
36.76,305.27,6300,75000,24.27,27.33,1.97,0.6,700,0.9,700,1.0,36.76,36.76
39.36,218.73,6300,75000,14.57,18.45,2.5,0.6,700,0.9,700,1.0,39.36,39.36
70.94,217.74,6300,75000,17.08,24.08,1.78,0.6,700,0.9,700,1.0,70.94,70.94
52.2,206.44,6300,75000,21.48,23.06,2.99,0.6,700,0.9,700,1.0,52.2,52.2
60.23,345.58,6300,75000,18.95,28.77,2.27,0.6,700,0.9,700,1.0,60.23,60.23
25.5,274.71,6300,75000,16.54,15.8,2.21,0.6,700,0.9,700,1.0,25.5,25.5
31.17,346.45,6300,75000,18.14,22.83,1.61,0.6,700,0.9,700,1.0,31.17,31.17
52.38,178.78,6300,75000,22.34,15.3,2.47,0.6,700,0.9,700,1.0,52.38,52.38
53.64,185.43,6300,75000,24.4,25.94,2.5,0.6,700,0.9,700,1.0,53.64,53.64
37.56,192.61,6300,75000,17.25,21.17,2.06,0.6,700,0.9,700,1.0,37.56,37.56
72.1,282.83,6300,75000,21.72,21.23,2.62,0.6,700,0.9,700,1.0,72.1,72.1
65.07,303.24,6300,75000,22.97,27.5,2.77,0.6,700,0.9,700,1.0,65.07,65.07
46.9,195.36,6300,75000,14.67,21.0,2.82,0.6,700,0.9,700,1.0,46.9,46.9
51.89,266.59,6300,75000,21.54,28.1,2.64,0.6,700,0.9,700,1.0,51.89,51.89
37.59,207.32,6300,75000,21.92,25.54,2.12,0.6,700,0.9,700,1.0,37.59,37.59
46.24,283.84,6300,75000,15.55,24.54,1.27,0.6,700,0.9,700,1.0,46.24,46.24
31.23,284.07,6300,75000,19.29,22.91,2.57,0.6,700,0.9,700,1.0,31.23,31.23
54.72,187.89,6300,75000,18.61,20.44,1.33,0.6,700,0.9,700,1.0,54.72,54.72
57.25,297.55,6300,75000,16.94,26.97,2.13,0.6,700,0.9,700,1.0,57.25,57.25
35.58,261.75,6300,75000,15.4,22.2,1.91,0.6,700,0.9,700,1.0,35.58,35.58
34.19,334.22,6300,75000,24.01,20.49,2.94,0.6,700,0.9,700,1.0,34.19,34.19
27.02,265.12,6300,75000,24.68,20.31,2.36,0.6,700,0.9,700,1.0,27.02,27.02
52.49,196.21,6300,75000,24.17,20.96,1.39,0.6,700,0.9,700,1.0,52.49,52.49
25.69,284.82,6300,75000,20.36,28.89,1.74,0.6,700,0.9,700,1.0,25.69,25.69
27.16,255.56,6300,75000,14.63,23.91,1.73,0.6,700,0.9,700,1.0,27.16,27.16
28.57,223.13,6300,75000,18.82,21.53,2.98,0.6,700,0.9,700,1.0,28.57,28.57
47.14,343.84,6300,75000,22.5,21.13,1.4,0.6,700,0.9,700,1.0,47.14,47.14
82.91,330.45,6300,75000,15.19,22.51,1.71,0.6,700,0.9,700,1.0,82.91,82.91
30.05,227.63,6300,75000,19.09,27.21,1.45,0.6,700,0.9,700,1.0,30.05,30.05
37.48,280.02,6300,75000,23.75,19.91,2.94,0.6,700,0.9,700,1.0,37.48,37.48
33.87,324.11,6300,75000,17.31,24.25,2.3,0.6,700,0.9,700,1.0,33.87,33.87
31.67,337.1,6300,75000,19.54,27.02,2.09,0.6,700,0.9,700,1.0,31.67,31.67
39.5,206.84,6300,75000,23.25,24.57,2.54,0.6,700,0.9,700,1.0,39.5,39.5
37.08,348.44,6300,75000,20.29,24.32,2.8,0.6,700,0.9,700,1.0,37.08,37.08
37.17,191.44,6300,75000,18.42,21.27,2.35,0.6,700,0.9,700,1.0,37.17,37.17
44.63,212.6,6300,75000,18.05,15.26,1.63,0.6,700,0.9,700,1.0,44.63,44.63
42.46,294.11,6300,75000,18.28,18.37,1.91,0.6,700,0.9,700,1.0,42.46,42.46
32.82,287.53,6300,75000,22.75,16.42,2.02,0.6,700,0.9,700,1.0,32.82,32.82
31.99,263.35,6300,75000,21.84,18.82,2.63,0.6,700,0.9,700,1.0,31.99,31.99
58.99,199.19,6300,75000,23.93,15.49,1.81,0.6,700,0.9,700,1.0,58.99,58.99
46.71,221.42,6300,75000,16.41,22.75,1.14,0.6,700,0.9,700,1.0,46.71,46.71
47.07,282.18,6300,75000,23.29,19.08,1.45,0.6,700,0.9,700,1.0,47.07,47.07
56.36,217.22,6300,75000,21.33,21.79,1.05,0.6,700,0.9,700,1.0,56.36,56.36
46.68,182.23,6300,75000,20.76,25.05,2.58,0.6,700,0.9,700,1.0,46.68,46.68
38.59,267.8,6300,75000,20.2,22.27,1.57,0.6,700,0.9,700,1.0,38.59,38.59
38.65,190.77,6300,75000,24.76,28.03,1.38,0.6,700,0.9,700,1.0,38.65,38.65
35.07,247.37,6300,75000,21.65,17.62,2.6,0.6,700,0.9,700,1.0,35.07,35.07
42.17,294.86,6300,75000,16.25,23.21,1.88,0.6,700,0.9,700,1.0,42.17,42.17
36.42,213.17,6300,75000,19.91,22.22,1.43,0.6,700,0.9,700,1.0,36.42,36.42
31.38,296.8,6300,75000,16.37,27.87,2.09,0.6,700,0.9,700,1.0,31.38,31.38
45.91,277.57,6300,75000,22.68,15.08,1.8,0.6,700,0.9,700,1.0,45.91,45.91
29.99,326.09,6300,75000,17.06,25.32,2.51,0.6,700,0.9,700,1.0,29.99,29.99
62.56,346.14,6300,75000,19.32,26.19,1.36,0.6,700,0.9,700,1.0,62.56,62.56
63.53,294.43,6300,75000,24.3,25.69,1.12,0.6,700,0.9,700,1.0,63.53,63.53
41.66,276.2,6300,75000,15.1,28.33,1.76,0.6,700,0.9,700,1.0,41.66,41.66
67.51,316.44,6300,75000,19.49,19.44,1.17,0.6,700,0.9,700,1.0,67.51,67.51
59.02,292.01,6300,75000,24.77,28.28,1.56,0.6,700,0.9,700,1.0,59.02,59.02
26.11,258.69,6300,75000,18.31,23.11,2.39,0.6,700,0.9,700,1.0,26.11,26.11
37.18,250.84,6300,75000,21.67,19.3,1.11,0.6,700,0.9,700,1.0,37.18,37.18
34.46,281.07,6300,75000,14.84,16.64,2.74,0.6,700,0.9,700,1.0,34.46,34.46
41.09,217.53,6300,75000,24.96,27.26,1.15,0.6,700,0.9,700,1.0,41.09,41.09
28.29,325.5,6300,75000,22.59,26.47,2.3,0.6,700,0.9,700,1.0,28.29,28.29
33.14,230.23,6300,75000,17.25,23.12,2.36,0.6,700,0.9,700,1.0,33.14,33.14
50.39,197.97,6300,75000,17.71,20.51,1.9,0.6,700,0.9,700,1.0,50.39,50.39
34.01,349.76,6300,75000,23.92,15.49,1.3,0.6,700,0.9,700,1.0,34.01,34.01
38.2,220.02,6300,75000,21.61,23.25,2.2,0.6,700,0.9,700,1.0,38.2,38.2
48.23,298.03,6300,75000,17.47,17.33,2.12,0.6,700,0.9,700,1.0,48.23,48.23
39.87,238.85,6300,75000,22.28,25.19,2.11,0.6,700,0.9,700,1.0,39.87,39.87
40.15,349.35,6300,75000,16.18,18.28,1.92,0.6,700,0.9,700,1.0,40.15,40.15
32.04,205.41,6300,75000,24.64,16.56,1.31,0.6,700,0.9,700,1.0,32.04,32.04
48.58,342.46,6300,75000,14.53,23.33,2.16,0.6,700,0.9,700,1.0,48.58,48.58
34.38,259.77,6300,75000,20.63,23.4,2.52,0.6,700,0.9,700,1.0,34.38,34.38
24.54,289.93,6300,75000,16.63,20.83,1.63,0.6,700,0.9,700,1.0,24.54,24.54
31.57,319.34,6300,75000,17.95,19.61,2.97,0.6,700,0.9,700,1.0,31.57,31.57
70.37,237.24,6300,75000,19.81,21.62,1.75,0.6,700,0.9,700,1.0,70.37,70.37
51.08,331.01,6300,75000,15.47,27.67,2.26,0.6,700,0.9,700,1.0,51.08,51.08
34.81,250.17,6300,75000,22.04,21.95,1.22,0.6,700,0.9,700,1.0,34.81,34.81
50.67,231.35,6300,75000,19.67,16.86,1.87,0.6,700,0.9,700,1.0,50.67,50.67
41.24,236.05,6300,75000,15.47,22.97,2.94,0.6,700,0.9,700,1.0,41.24,41.24
23.06,183.92,6300,75000,15.42,24.36,1.7,0.6,700,0.9,700,1.0,23.06,23.06
25.24,297.16,6300,75000,21.86,28.72,2.11,0.6,700,0.9,700,1.0,25.24,25.24
44.47,238.09,6300,75000,17.4,19.01,2.97,0.6,700,0.9,700,1.0,44.47,44.47
29.87,273.97,6300,75000,22.0,27.17,2.56,0.6,700,0.9,700,1.0,29.87,29.87
28.16,246.1,6300,75000,22.46,16.17,2.4,0.6,700,0.9,700,1.0,28.16,28.16
48.6,231.89,6300,75000,21.5,14.65,1.02,0.6,700,0.9,700,1.0,48.6,48.6
47.65,179.98,6300,75000,23.98,16.41,1.31,0.6,700,0.9,700,1.0,47.65,47.65
34.76,214.2,6300,75000,24.16,14.98,1.65,0.6,700,0.9,700,1.0,34.76,34.76
41.85,303.53,6300,75000,20.34,21.99,2.31,0.6,700,0.9,700,1.0,41.85,41.85
34.6,184.44,6300,75000,20.7,19.03,1.59,0.6,700,0.9,700,1.0,34.6,34.6
48.47,272.23,6300,75000,19.78,16.29,1.5,0.6,700,0.9,700,1.0,48.47,48.47
50.12,243.24,6300,75000,24.43,20.81,1.28,0.6,700,0.9,700,1.0,50.12,50.12
28.94,176.57,6300,75000,21.15,27.45,2.46,0.6,700,0.9,700,1.0,28.94,28.94
28.44,227.89,6300,75000,19.97,25.4,1.25,0.6,700,0.9,700,1.0,28.44,28.44
26.47,339.34,6300,75000,17.61,15.33,2.99,0.6,700,0.9,700,1.0,26.47,26.47
35.97,178.31,6300,75000,20.43,28.63,2.03,0.6,700,0.9,700,1.0,35.97,35.97
60.67,200.5,6300,75000,14.56,24.86,2.85,0.6,700,0.9,700,1.0,60.67,60.67
21.99,215.98,6300,75000,20.0,22.16,1.64,0.6,700,0.9,700,1.0,21.99,21.99
37.37,313.07,6300,75000,19.03,14.9,3.0,0.6,700,0.9,700,1.0,37.37,37.37
101.75,198.15,6300,75000,22.2,20.71,2.13,0.6,700,0.9,700,1.0,101.75,101.75
29.5,183.51,6300,75000,19.47,16.78,1.29,0.6,700,0.9,700,1.0,29.5,29.5
42.72,306.86,6300,75000,23.02,19.77,1.44,0.6,700,0.9,700,1.0,42.72,42.72
30.66,224.52,6300,75000,16.78,28.07,2.57,0.6,700,0.9,700,1.0,30.66,30.66
35.02,317.93,6300,75000,21.42,24.28,2.75,0.6,700,0.9,700,1.0,35.02,35.02
35.15,271.04,6300,75000,17.97,24.5,1.51,0.6,700,0.9,700,1.0,35.15,35.15
26.64,293.81,6300,75000,21.09,25.76,1.24,0.6,700,0.9,700,1.0,26.64,26.64
39.72,328.92,6300,75000,23.61,28.76,2.14,0.6,700,0.9,700,1.0,39.72,39.72
36.47,208.91,6300,75000,22.14,27.81,1.66,0.6,700,0.9,700,1.0,36.47,36.47
47.46,333.88,6300,75000,21.05,15.03,2.77,0.6,700,0.9,700,1.0,47.46,47.46
65.56,278.53,6300,75000,19.3,15.94,2.79,0.6,700,0.9,700,1.0,65.56,65.56
51.35,301.81,6300,75000,18.9,15.43,2.19,0.6,700,0.9,700,1.0,51.35,51.35
54.36,263.09,6300,75000,22.81,27.61,2.47,0.6,700,0.9,700,1.0,54.36,54.36
26.79,239.9,6300,75000,19.45,17.91,2.48,0.6,700,0.9,700,1.0,26.79,26.79
43.51,203.79,6300,75000,19.26,26.99,1.71,0.6,700,0.9,700,1.0,43.51,43.51
60.31,332.09,6300,75000,19.87,16.14,1.01,0.6,700,0.9,700,1.0,60.31,60.31
31.11,322.01,6300,75000,17.56,14.64,1.87,0.6,700,0.9,700,1.0,31.11,31.11
67.9,254.77,6300,75000,15.35,17.3,1.32,0.6,700,0.9,700,1.0,67.9,67.9
35.38,211.56,6300,75000,15.07,18.54,2.55,0.6,700,0.9,700,1.0,35.38,35.38
30.26,302.27,6300,75000,24.52,23.44,2.87,0.6,700,0.9,700,1.0,30.26,30.26
55.56,299.48,6300,75000,17.43,16.01,2.53,0.6,700,0.9,700,1.0,55.56,55.56
44.71,344.36,6300,75000,18.91,24.47,1.89,0.6,700,0.9,700,1.0,44.71,44.71
63.49,232.27,6300,75000,23.88,14.84,2.92,0.6,700,0.9,700,1.0,63.49,63.49
36.29,317.66,6300,75000,23.44,17.76,1.95,0.6,700,0.9,700,1.0,36.29,36.29
53.8,343.02,6300,75000,16.46,18.08,2.34,0.6,700,0.9,700,1.0,53.8,53.8
51.2,249.73,6300,75000,22.18,20.59,2.23,0.6,700,0.9,700,1.0,51.2,51.2
53.95,198.5,6300,75000,20.21,26.34,2.95,0.6,700,0.9,700,1.0,53.95,53.95
49.71,260.31,6300,75000,14.71,16.9,1.03,0.6,700,0.9,700,1.0,49.71,49.71
35.65,216.48,6300,75000,15.0,25.8,1.06,0.6,700,0.9,700,1.0,35.65,35.65
23.81,339.74,6300,75000,16.61,17.79,1.21,0.6,700,0.9,700,1.0,23.81,23.81
31.88,184.46,6300,75000,22.63,25.87,2.07,0.6,700,0.9,700,1.0,31.88,31.88
40.77,239.08,6300,75000,19.42,14.7,2.73,0.6,700,0.9,700,1.0,40.77,40.77
42.0,226.35,6300,75000,18.97,26.39,1.68,0.6,700,0.9,700,1.0,42.0,42.0
45.78,320.63,6300,75000,22.06,14.55,2.3,0.6,700,0.9,700,1.0,45.78,45.78
37.24,305.92,6300,75000,24.97,18.87,2.71,0.6,700,0.9,700,1.0,37.24,37.24
57.02,304.15,6300,75000,22.5,17.25,2.44,0.6,700,0.9,700,1.0,57.02,57.02
44.82,211.38,6300,75000,19.04,18.78,1.25,0.6,700,0.9,700,1.0,44.82,44.82
68.51,196.96,6300,75000,19.07,17.06,2.11,0.6,700,0.9,700,1.0,68.51,68.51
78.82,215.02,6300,75000,18.4,23.77,1.86,0.6,700,0.9,700,1.0,78.82,78.82
58.66,298.3,6300,75000,18.25,16.81,2.43,0.6,700,0.9,700,1.0,58.66,58.66
44.9,281.52,6300,75000,15.67,20.4,2.06,0.6,700,0.9,700,1.0,44.9,44.9
43.69,321.57,6300,75000,16.85,27.8,1.37,0.6,700,0.9,700,1.0,43.69,43.69
19.3,292.48,6300,75000,18.65,21.46,2.67,0.6,700,0.9,700,1.0,19.3,19.3
33.22,256.26,6300,75000,18.2,14.87,2.75,0.6,700,0.9,700,1.0,33.22,33.22
30.55,322.76,6300,75000,22.94,27.42,2.81,0.6,700,0.9,700,1.0,30.55,30.55
31.84,241.88,6300,75000,23.56,28.97,1.18,0.6,700,0.9,700,1.0,31.84,31.84
39.9,210.58,6300,75000,20.94,26.59,1.76,0.6,700,0.9,700,1.0,39.9,39.9
43.46,194.52,6300,75000,16.58,20.76,1.84,0.6,700,0.9,700,1.0,43.46,43.46
23.26,313.34,6300,75000,22.77,21.64,2.9,0.6,700,0.9,700,1.0,23.26,23.26
55.95,300.66,6300,75000,17.38,27.37,2.26,0.6,700,0.9,700,1.0,55.95,55.95
41.62,309.08,6300,75000,24.62,25.75,2.76,0.6,700,0.9,700,1.0,41.62,41.62
88.22,299.24,6300,75000,16.74,22.32,2.7,0.6,700,0.9,700,1.0,88.22,88.22
36.96,210.8,6300,75000,23.71,22.87,2.0,0.6,700,0.9,700,1.0,36.96,36.96
54.18,223.57,6300,75000,17.02,26.08,2.86,0.6,700,0.9,700,1.0,54.18,54.18
33.75,315.92,6300,75000,17.4,16.73,2.46,0.6,700,0.9,700,1.0,33.75,33.75
56.22,189.48,6300,75000,17.76,15.73,2.48,0.6,700,0.9,700,1.0,56.22,56.22
46.52,255.92,6300,75000,17.79,18.21,2.6,0.6,700,0.9,700,1.0,46.52,46.52
36.25,212.14,6300,75000,24.2,25.35,2.88,0.6,700,0.9,700,1.0,36.25,36.25
45.38,287.22,6300,75000,21.7,17.38,1.5,0.6,700,0.9,700,1.0,45.38,45.38
36.68,268.72,6300,75000,20.91,24.6,1.63,0.6,700,0.9,700,1.0,36.68,36.68
35.23,315.58,6300,75000,16.35,16.37,2.42,0.6,700,0.9,700,1.0,35.23,35.23
35.01,229.09,6300,75000,18.88,20.07,2.02,0.6,700,0.9,700,1.0,35.01,35.01
34.3,321.66,6300,75000,24.57,19.79,2.39,0.6,700,0.9,700,1.0,34.3,34.3
29.06,325.14,6300,75000,24.89,27.94,2.9,0.6,700,0.9,700,1.0,29.06,29.06
33.58,223.93,6300,75000,16.5,19.57,1.38,0.6,700,0.9,700,1.0,33.58,33.58
31.03,346.6,6300,75000,20.24,28.55,1.43,0.6,700,0.9,700,1.0,31.03,31.03
65.68,275.79,6300,75000,17.72,15.9,2.88,0.6,700,0.9,700,1.0,65.68,65.68
33.67,267.61,6300,75000,19.56,16.31,2.32,0.6,700,0.9,700,1.0,33.67,33.67
55.04,323.95,6300,75000,16.14,26.39,1.24,0.6,700,0.9,700,1.0,55.04,55.04
29.8,209.21,6300,75000,15.51,21.58,1.53,0.6,700,0.9,700,1.0,29.8,29.8
42.63,290.78,6300,75000,24.12,23.42,2.96,0.6,700,0.9,700,1.0,42.63,42.63
43.29,337.98,6300,75000,23.13,22.08,1.23,0.6,700,0.9,700,1.0,43.29,43.29
44.94,190.09,6300,75000,23.42,16.53,1.16,0.6,700,0.9,700,1.0,44.94,44.94
41.89,175.12,6300,75000,19.7,18.57,2.71,0.6,700,0.9,700,1.0,41.89,41.89
49.14,238.67,6300,75000,21.59,16.6,2.58,0.6,700,0.9,700,1.0,49.14,49.14
29.63,222.68,6300,75000,22.57,28.47,1.72,0.6,700,0.9,700,1.0,29.63,29.63
33.05,347.68,6300,75000,16.99,21.75,1.01,0.6,700,0.9,700,1.0,33.05,33.05
19.87,284.35,6300,75000,14.74,24.73,2.51,0.6,700,0.9,700,1.0,19.87,19.87
45.93,331.6,6300,75000,23.85,26.63,2.29,0.6,700,0.9,700,1.0,45.93,45.93
27.56,326.41,6300,75000,15.73,18.15,2.39,0.6,700,0.9,700,1.0,27.56,27.56
42.55,245.68,6300,75000,18.79,19.32,2.85,0.6,700,0.9,700,1.0,42.55,42.55
21.64,237.73,6300,75000,23.19,14.51,1.49,0.6,700,0.9,700,1.0,21.64,21.64
48.83,340.94,6300,75000,23.31,20.22,1.88,0.6,700,0.9,700,1.0,48.83,48.83
45.73,224.77,6300,75000,23.76,17.28,1.08,0.6,700,0.9,700,1.0,45.73,45.73
55.48,215.56,6300,75000,24.36,27.59,2.44,0.6,700,0.9,700,1.0,55.48,55.48
61.01,309.63,6300,75000,21.53,17.5,2.96,0.6,700,0.9,700,1.0,61.01,61.01
29.27,194.0,6300,75000,24.7,20.1,2.33,0.6,700,0.9,700,1.0,29.27,29.27
26.41,214.14,6300,75000,18.23,17.04,2.29,0.6,700,0.9,700,1.0,26.41,26.41
39.1,227.1,6300,75000,14.79,16.83,1.33,0.6,700,0.9,700,1.0,39.1,39.1
73.4,300.25,6300,75000,17.84,22.97,1.69,0.6,700,0.9,700,1.0,73.4,73.4
62.24,234.82,6300,75000,17.59,15.96,1.19,0.6,700,0.9,700,1.0,62.24,62.24
24.24,304.94,6300,75000,15.58,20.77,2.25,0.6,700,0.9,700,1.0,24.24,24.24
48.15,293.21,6300,75000,24.24,20.01,1.46,0.6,700,0.9,700,1.0,48.15,48.15
38.49,207.71,6300,75000,14.7,23.79,1.88,0.6,700,0.9,700,1.0,38.49,38.49
44.52,258.24,6300,75000,16.05,25.51,2.34,0.6,700,0.9,700,1.0,44.52,44.52
52.53,252.25,6300,75000,15.16,17.43,2.17,0.6,700,0.9,700,1.0,52.53,52.53
25.85,348.17,6300,75000,23.27,25.98,2.44,0.6,700,0.9,700,1.0,25.85,25.85
50.01,311.73,6300,75000,18.34,18.05,1.74,0.6,700,0.9,700,1.0,50.01,50.01
27.07,300.36,6300,75000,24.72,18.92,2.72,0.6,700,0.9,700,1.0,27.07,27.07
66.59,274.94,6300,75000,15.14,17.7,1.81,0.6,700,0.9,700,1.0,66.59,66.59
47.37,248.49,6300,75000,24.33,15.87,1.02,0.6,700,0.9,700,1.0,47.37,47.37
34.2,340.18,6300,75000,20.39,27.65,1.08,0.6,700,0.9,700,1.0,34.2,34.2
56.82,175.37,6300,75000,21.07,22.39,1.54,0.6,700,0.9,700,1.0,56.82,56.82
38.69,269.91,6300,75000,20.27,20.68,1.9,0.6,700,0.9,700,1.0,38.69,38.69
35.26,240.85,6300,75000,22.38,14.79,1.77,0.6,700,0.9,700,1.0,35.26,35.26
44.6,229.5,6300,75000,14.92,28.71,2.71,0.6,700,0.9,700,1.0,44.6,44.6
45.09,333.14,6300,75000,20.13,14.74,1.58,0.6,700,0.9,700,1.0,45.09,45.09
66.32,268.87,6300,75000,17.8,26.92,1.92,0.6,700,0.9,700,1.0,66.32,66.32
34.35,318.33,6300,75000,19.37,21.88,1.23,0.6,700,0.9,700,1.0,34.35,34.35
49.82,213.79,6300,75000,21.23,19.18,1.12,0.6,700,0.9,700,1.0,49.82,49.82
44.05,317.36,6300,75000,23.2,15.4,1.72,0.6,700,0.9,700,1.0,44.05,44.05
25.0,267.24,6300,75000,15.6,20.33,1.56,0.6,700,0.9,700,1.0,25.0,25.0
35.32,308.56,6300,75000,19.35,22.81,2.08,0.6,700,0.9,700,1.0,35.32,35.32
58.56,235.73,6300,75000,19.12,16.2,2.82,0.6,700,0.9,700,1.0,58.56,58.56
24.13,272.4,6300,75000,16.97,22.36,2.35,0.6,700,0.9,700,1.0,24.13,24.13
31.8,213.0,6300,75000,15.05,21.47,2.84,0.6,700,0.9,700,1.0,31.8,31.8
41.73,342.89,6300,75000,15.64,28.6,1.79,0.6,700,0.9,700,1.0,41.73,41.73
38.94,289.76,6300,75000,17.01,23.48,1.93,0.6,700,0.9,700,1.0,38.94,38.94
37.06,195.17,6300,75000,19.01,20.65,2.82,0.6,700,0.9,700,1.0,37.06,37.06
42.33,270.47,6300,75000,20.69,15.11,2.45,0.6,700,0.9,700,1.0,42.33,42.33
42.83,333.26,6300,75000,23.0,14.96,2.34,0.6,700,0.9,700,1.0,42.83,42.83
49.55,246.56,6300,75000,16.83,15.61,1.34,0.6,700,0.9,700,1.0,49.55,49.55
32.9,271.25,6300,75000,24.02,21.1,2.73,0.6,700,0.9,700,1.0,32.9,32.9
36.19,214.64,6300,75000,24.48,25.32,2.28,0.6,700,0.9,700,1.0,36.19,36.19
29.35,347.45,6300,75000,21.26,15.84,2.25,0.6,700,0.9,700,1.0,29.35,29.35
80.94,190.75,6300,75000,23.04,25.47,1.48,0.6,700,0.9,700,1.0,80.94,80.94
34.51,345.13,6300,75000,22.9,25.57,1.29,0.6,700,0.9,700,1.0,34.51,34.51
31.43,310.59,6300,75000,17.51,19.86,1.62,0.6,700,0.9,700,1.0,31.43,31.43
54.87,308.98,6300,75000,22.47,20.47,2.24,0.6,700,0.9,700,1.0,54.87,54.87
69.37,204.12,6300,75000,19.41,27.76,2.61,0.6,700,0.9,700,1.0,69.37,69.37
46.84,262.34,6300,75000,17.89,15.22,1.57,0.6,700,0.9,700,1.0,46.84,46.84
32.53,249.46,6300,75000,22.37,26.66,2.52,0.6,700,0.9,700,1.0,32.53,32.53
42.25,263.77,6300,75000,17.54,19.99,2.89,0.6,700,0.9,700,1.0,42.25,42.25
51.72,323.47,6300,75000,15.87,15.37,1.46,0.6,700,0.9,700,1.0,51.72,51.72
37.78,219.22,6300,75000,14.83,23.35,1.11,0.6,700,0.9,700,1.0,37.78,37.78
30.72,335.22,6300,75000,23.17,23.58,1.83,0.6,700,0.9,700,1.0,30.72,30.72
45.0,282.64,6300,75000,17.06,24.42,2.54,0.6,700,0.9,700,1.0,45.0,45.0
21.13,241.15,6300,75000,16.24,25.98,2.01,0.6,700,0.9,700,1.0,21.13,21.13
42.78,288.67,6300,75000,15.77,26.83,2.0,0.6,700,0.9,700,1.0,42.78,42.78
49.07,263.91,6300,75000,15.44,21.42,1.1,0.6,700,0.9,700,1.0,49.07,49.07
40.39,297.06,6300,75000,23.22,15.59,1.68,0.6,700,0.9,700,1.0,40.39,40.39
52.94,275.17,6300,75000,18.13,24.12,2.87,0.6,700,0.9,700,1.0,52.94,52.94
23.43,285.24,6300,75000,23.48,28.36,1.25,0.6,700,0.9,700,1.0,23.43,23.43
26.86,236.73,6300,75000,22.84,24.4,1.96,0.6,700,0.9,700,1.0,26.86,26.86
40.47,201.36,6300,75000,19.94,19.67,1.77,0.6,700,0.9,700,1.0,40.47,40.47
33.93,328.0,6300,75000,15.99,25.62,2.24,0.6,700,0.9,700,1.0,33.93,33.93
22.44,264.36,6300,75000,21.94,14.58,1.41,0.6,700,0.9,700,1.0,22.44,22.44
49.42,310.41,6300,75000,16.07,20.63,2.66,0.6,700,0.9,700,1.0,49.42,49.42
28.7,312.9,6300,75000,22.02,23.68,2.25,0.6,700,0.9,700,1.0,28.7,28.7
62.61,209.43,6300,75000,24.93,16.95,1.02,0.6,700,0.9,700,1.0,62.61,62.61
48.29,344.56,6300,75000,22.56,27.74,2.22,0.6,700,0.9,700,1.0,48.29,48.29
36.83,247.0,6300,75000,20.58,25.82,2.68,0.6,700,0.9,700,1.0,36.83,36.83
40.97,177.06,6300,75000,20.05,19.35,2.3,0.6,700,0.9,700,1.0,40.97,40.97
29.38,239.61,6300,75000,14.97,18.5,2.07,0.6,700,0.9,700,1.0,29.38,29.38
29.9,334.39,6300,75000,16.68,28.85,1.28,0.6,700,0.9,700,1.0,29.9,29.9
42.2,329.49,6300,75000,18.51,24.83,1.07,0.6,700,0.9,700,1.0,42.2,42.2
52.65,261.34,6300,75000,24.11,23.95,2.13,0.6,700,0.9,700,1.0,52.65,52.65
44.28,244.65,6300,75000,24.05,16.05,2.37,0.6,700,0.9,700,1.0,44.28,44.28
33.29,327.47,6300,75000,17.92,28.42,1.51,0.6,700,0.9,700,1.0,33.29,33.29
39.96,208.37,6300,75000,19.89,21.72,2.18,0.6,700,0.9,700,1.0,39.96,39.96
50.2,317.03,6300,75000,17.15,23.56,2.76,0.6,700,0.9,700,1.0,50.2,50.2
45.62,341.28,6300,75000,18.71,19.37,2.27,0.6,700,0.9,700,1.0,45.62,45.62
36.61,253.96,6300,75000,17.18,23.7,2.28,0.6,700,0.9,700,1.0,36.61,36.61
87.44,260.92,6300,75000,18.45,27.13,1.98,0.6,700,0.9,700,1.0,87.44,87.44
57.36,257.82,6300,75000,22.66,21.86,1.19,0.6,700,0.9,700,1.0,57.36,57.36
43.59,220.52,6300,75000,17.34,24.66,1.82,0.6,700,0.9,700,1.0,43.59,43.59
39.56,319.05,6300,75000,19.35,16.48,2.99,0.6,700,0.9,700,1.0,39.56,39.56
55.36,252.55,6300,75000,17.46,25.08,1.37,0.6,700,0.9,700,1.0,55.36,55.36
48.07,193.4,6300,75000,23.65,28.13,2.67,0.6,700,0.9,700,1.0,48.07,48.07
40.9,251.86,6300,75000,22.86,27.97,2.54,0.6,700,0.9,700,1.0,40.9,40.9
34.14,216.89,6300,75000,14.5,21.67,2.82,0.6,700,0.9,700,1.0,34.14,34.14
46.56,322.63,6300,75000,15.27,19.73,2.98,0.6,700,0.9,700,1.0,46.56,46.56
36.57,241.59,6300,75000,15.01,27.03,2.41,0.6,700,0.9,700,1.0,36.57,36.57
77.12,335.59,6300,75000,20.63,22.91,2.73,0.6,700,0.9,700,1.0,77.12,77.12
39.79,230.82,6300,75000,15.86,23.84,2.65,0.6,700,0.9,700,1.0,39.79,39.79
39.65,341.63,6300,75000,15.89,14.6,2.78,0.6,700,0.9,700,1.0,39.65,39.65
41.53,273.02,6300,75000,17.32,27.3,2.7,0.6,700,0.9,700,1.0,41.53,41.53
45.45,199.97,6300,75000,15.13,15.18,2.32,0.6,700,0.9,700,1.0,45.45,45.45
27.96,188.57,6300,75000,21.35,19.25,1.78,0.6,700,0.9,700,1.0,27.96,27.96
43.19,221.1,6300,75000,16.86,19.98,1.07,0.6,700,0.9,700,1.0,43.19,43.19
32.72,283.43,6300,75000,20.42,28.25,2.91,0.6,700,0.9,700,1.0,32.72,32.72
45.5,208.08,6300,75000,20.04,22.68,1.7,0.6,700,0.9,700,1.0,45.5,45.5
40.66,269.3,6300,75000,22.27,22.59,1.55,0.6,700,0.9,700,1.0,40.66,40.66
28.76,295.8,6300,75000,14.89,25.14,2.45,0.6,700,0.9,700,1.0,28.76,28.76
49.6,240.56,6300,75000,24.86,20.15,1.29,0.6,700,0.9,700,1.0,49.6,49.6
58.09,201.75,6300,75000,20.84,25.65,1.61,0.6,700,0.9,700,1.0,58.09,58.09
37.82,311.18,6300,75000,19.16,26.7,2.65,0.6,700,0.9,700,1.0,37.82,37.82
50.56,254.88,6300,75000,15.69,22.35,2.53,0.6,700,0.9,700,1.0,50.56,50.56
35.79,344.96,6300,75000,20.49,25.44,2.6,0.6,700,0.9,700,1.0,35.79,35.79
38.1,302.66,6300,75000,18.36,23.89,1.47,0.6,700,0.9,700,1.0,38.1,38.1
52.01,313.95,6300,75000,15.22,26.43,1.58,0.6,700,0.9,700,1.0,52.01,52.01
30.34,286.28,6300,75000,17.68,15.82,1.51,0.6,700,0.9,700,1.0,30.34,30.34
22.13,253.27,6300,75000,18.03,17.47,2.91,0.6,700,0.9,700,1.0,22.13,22.13
31.33,295.55,6300,75000,18.56,17.72,1.19,0.6,700,0.9,700,1.0,31.33,31.33
41.16,240.32,6300,75000,18.76,18.74,2.95,0.6,700,0.9,700,1.0,41.16,41.16
38.79,243.52,6300,75000,20.3,25.16,1.67,0.6,700,0.9,700,1.0,38.79,38.79
27.43,277.94,6300,75000,17.13,15.66,1.82,0.6,700,0.9,700,1.0,27.43,27.43
32.44,328.44,6300,75000,21.21,25.86,1.04,0.6,700,0.9,700,1.0,32.44,32.44
47.29,314.94,6300,75000,20.75,28.8,1.11,0.6,700,0.9,700,1.0,47.29,47.29
45.67,349.08,6300,75000,22.77,28.43,1.93,0.6,700,0.9,700,1.0,45.67,45.67
64.35,191.65,6300,75000,15.63,17.84,1.8,0.6,700,0.9,700,1.0,64.35,64.35
54.43,254.31,6300,75000,24.55,21.5,1.64,0.6,700,0.9,700,1.0,54.43,54.43
33.09,261.86,6300,75000,18.08,26.06,2.68,0.6,700,0.9,700,1.0,33.09,33.09
48.95,289.23,6300,75000,18.99,16.92,1.46,0.6,700,0.9,700,1.0,48.95,48.95
30.99,330.17,6300,75000,21.81,24.99,1.55,0.6,700,0.9,700,1.0,30.99,30.99
44.24,248.51,6300,75000,14.96,22.58,1.49,0.6,700,0.9,700,1.0,44.24,44.24
37.64,187.96,6300,75000,16.87,18.32,2.85,0.6,700,0.9,700,1.0,37.64,37.64
29.6,324.74,6300,75000,18.87,27.9,2.7,0.6,700,0.9,700,1.0,29.6,29.6
24.81,290.95,6300,75000,20.51,26.24,2.66,0.6,700,0.9,700,1.0,24.81,24.81
48.39,331.28,6300,75000,18.47,18.33,1.94,0.6,700,0.9,700,1.0,48.39,48.39
40.08,245.1,6300,75000,23.54,15.63,1.5,0.6,700,0.9,700,1.0,40.08,40.08
39.46,247.78,6300,75000,14.77,18.94,1.83,0.6,700,0.9,700,1.0,39.46,39.46
52.76,291.29,6300,75000,21.31,23.97,2.66,0.6,700,0.9,700,1.0,52.76,52.76
42.1,203.5,6300,75000,23.79,23.26,2.16,0.6,700,0.9,700,1.0,42.1,42.1
25.38,339.11,6300,75000,21.28,20.26,1.98,0.6,700,0.9,700,1.0,25.38,25.38
38.19,251.59,6300,75000,20.66,19.94,1.6,0.6,700,0.9,700,1.0,38.19,38.19
40.54,251.02,6300,75000,15.82,17.64,1.38,0.6,700,0.9,700,1.0,40.54,40.54
48.76,226.73,6300,75000,17.58,26.18,1.07,0.6,700,0.9,700,1.0,48.76,48.76
27.33,188.81,6300,75000,24.8,25.23,1.43,0.6,700,0.9,700,1.0,27.33,27.33
29.15,312.37,6300,75000,21.88,22.65,1.53,0.6,700,0.9,700,1.0,29.15,29.15
35.9,185.9,6300,75000,19.22,16.7,2.8,0.6,700,0.9,700,1.0,35.9,35.9
33.0,292.63,6300,75000,22.25,17.36,1.34,0.6,700,0.9,700,1.0,33.0,33.0
30.22,179.45,6300,75000,24.73,18.81,1.41,0.6,700,0.9,700,1.0,30.22,30.22
37.45,233.27,6300,75000,21.56,27.1,1.99,0.6,700,0.9,700,1.0,37.45,37.45
41.96,286.45,6300,75000,23.51,23.53,2.6,0.6,700,0.9,700,1.0,41.96,41.96
45.29,336.96,6300,75000,16.93,18.53,1.18,0.6,700,0.9,700,1.0,45.29,45.29
39.19,269.77,6300,75000,21.38,21.92,2.62,0.6,700,0.9,700,1.0,39.19,39.19
40.24,211.81,6300,75000,21.4,20.2,1.45,0.6,700,0.9,700,1.0,40.24,40.24
32.24,314.51,6300,75000,15.49,16.45,2.48,0.6,700,0.9,700,1.0,32.24,32.24
23.61,315.05,6300,75000,17.91,20.9,1.18,0.6,700,0.9,700,1.0,23.61,23.61
38.74,323.31,6300,75000,22.15,26.81,1.64,0.6,700,0.9,700,1.0,38.74,38.74
41.4,335.88,6300,75000,22.7,21.35,1.56,0.6,700,0.9,700,1.0,41.4,41.4
30.51,304.83,6300,75000,19.95,24.76,1.35,0.6,700,0.9,700,1.0,30.51,30.51
29.74,180.97,6300,75000,19.5,22.54,1.66,0.6,700,0.9,700,1.0,29.74,29.74
44.41,236.27,6300,75000,18.17,26.13,1.95,0.6,700,0.9,700,1.0,44.41,44.41
50.71,205.9,6300,75000,23.63,20.08,2.14,0.6,700,0.9,700,1.0,50.71,50.71
